TEAM,ADJOE,ADJDE,BARTHAG,EFG_O,EFG_D,TOR,TORD,ORB,DRB,FTR,FTRD,2P_O,2P_D,3P_O,3P_D,ADJ_T,WAB,POSTSEASON_Champions,POSTSEASON_E8,POSTSEASON_F4,POSTSEASON_None,POSTSEASON_R32,POSTSEASON_R64,POSTSEASON_R68,POSTSEASON_S16,SEED_2.0,SEED_3.0,SEED_4.0,SEED_5.0,SEED_6.0,SEED_7.0,SEED_8.0,SEED_9.0,SEED_10.0,SEED_11.0,SEED_12.0,SEED_13.0,SEED_14.0,SEED_15.0,SEED_16.0,SEED_None,Wins_Fraction
Villanova,128.4,94.1,0.9725,59.5,48.5,15,18.2,29.6,27.1,29.4,26.7,59,49,40.1,31.7,69.6,10.6,1,0,0,0,0,0,0,0,0,0,0,0,0,0,0,0,0,0,0,0,0,0,0,0,0.722222222
Virginia,114.6,86.7,0.9612,52.7,44.3,14,20.9,27,25.6,24.5,26.2,50.1,42.8,38.3,31,60.5,11.3,0,0,0,0,0,1,0,0,0,0,0,0,0,0,0,0,0,0,0,0,0,0,0,0,0.921052632
Duke,122.3,92.9,0.9592,55.9,46.4,17.5,17.3,38.8,30,34.6,22.3,56,45.4,37.2,32,70.9,6.6,0,1,0,0,0,0,0,0,1,0,0,0,0,0,0,0,0,0,0,0,0,0,0,0,0.842105263
Purdue,123.2,95.7,0.9484,57.7,47,15.8,17.7,28,28,35.6,24.2,54.1,45.5,42,33.2,68.7,7.6,0,0,0,0,0,0,0,1,1,0,0,0,0,0,0,0,0,0,0,0,0,0,0,0,0.722222222
Cincinnati,111.6,87.7,0.9417,51.2,43.3,17,21.6,38.5,28.2,36,26.8,50.2,41.4,35.3,30.9,66.2,5.9,0,0,0,0,1,0,0,0,1,0,0,0,0,0,0,0,0,0,0,0,0,0,0,0,0.8
Kansas,122.1,96.4,0.9385,57.5,49.1,16.6,18.2,29.4,31.2,27,24.6,55.6,48.6,40.1,33.3,69.9,8.2,0,0,1,0,0,0,0,0,0,0,0,0,0,0,0,0,0,0,0,0,0,0,0,0,0.722222222
Michigan,114.4,90.4,0.9375,53.9,47.7,14,19.5,25.5,24.9,30.7,30,54.7,46.8,35.2,33.2,65.9,6.9,0,0,0,0,0,0,0,0,0,1,0,0,0,0,0,0,0,0,0,0,0,0,0,0,0.810810811
West Virginia,120.9,95.8,0.9353,50.4,49.9,16.5,23.3,37,30.1,31.3,44.1,48.8,45.4,35.3,38,71.2,4.6,0,0,0,0,0,0,0,1,0,0,0,1,0,0,0,0,0,0,0,0,0,0,0,0,0.416666667
Michigan St.,118.9,94.3,0.9347,56.9,42.7,19.2,14.6,37,26.6,35.9,30.7,55.2,38.4,40.1,33.7,68,8,0,0,0,0,1,0,0,0,0,1,0,0,0,0,0,0,0,0,0,0,0,0,0,0,0.820512821
North Carolina,120.7,97.1,0.9242,52,50.1,16.7,16.3,37.4,25.5,28,26,51,45.3,35.9,38,72.6,7.1,0,0,0,0,1,0,0,0,1,0,0,0,0,0,0,0,0,0,0,0,0,0,0,0,0.805555556
Tennessee,114.2,92,0.9225,50.8,46.7,17.9,20.4,33.4,31.1,35.5,37.6,47.3,46.1,38,31.8,67.1,6.4,0,0,0,0,1,0,0,0,0,1,0,0,0,0,0,0,0,0,0,0,0,0,0,0,0.861111111
Xavier,120.9,97.7,0.9211,55.9,49.9,17.2,15.7,30.2,23.1,41,25.6,55.9,49.8,37.2,33.4,71.7,8.8,0,0,0,0,1,0,0,0,0,0,0,0,0,0,0,0,0,0,0,0,0,0,0,0,0.542857143
Gonzaga,117.2,94.9,0.9192,57,47.1,16.1,17.4,33,23.1,32.1,29.1,58.2,44.1,36.8,35,70.5,4.9,0,0,0,0,0,0,0,1,0,0,1,0,0,0,0,0,0,0,0,0,0,0,0,0,0.891891892
Texas Tech,112.7,91.5,0.917,52,46.4,17.8,21.7,32.9,28.7,39.3,38,51.1,45.1,35.9,32.3,67.6,4.7,0,1,0,0,0,0,0,0,0,1,0,0,0,0,0,0,0,0,0,0,0,0,0,0,0.815789474
Ohio St.,116,94.3,0.9154,54.1,48.7,17.1,17.9,30.2,25.2,31.1,29.5,54.7,46.1,35.3,35.1,68.2,4.5,0,0,0,0,1,0,0,0,0,0,0,1,0,0,0,0,0,0,0,0,0,0,0,0,0.571428571
Penn St.,115,93.6,0.9148,52.6,48.3,17.3,19.5,31.7,28.2,31.5,32.1,49.8,46.7,38.7,34.2,68.7,-0.5,0,0,0,1,0,0,0,0,0,0,0,0,0,0,0,0,0,0,0,0,0,0,0,1,0.4375
Florida,115.2,93.9,0.9132,50.8,48.7,14.3,20,28.7,30.5,32.6,32.4,47.6,46.6,37,35.2,68.5,1.4,0,0,0,0,1,0,0,0,0,0,0,0,1,0,0,0,0,0,0,0,0,0,0,0,0.555555556
Houston,114.8,93.9,0.9097,53.3,45.5,17.5,19.1,33.8,25.8,32.6,41.6,50.5,43.8,38.7,32.3,69.4,2.4,0,0,0,0,1,0,0,0,0,0,0,0,1,0,0,0,0,0,0,0,0,0,0,0,0.891891892
Butler,116.1,95.3,0.9068,54,51.9,15.7,19.5,27.6,24.6,26.1,35.3,54.3,49.5,35.7,37.3,69.1,1.7,0,0,0,0,1,0,0,0,0,0,0,0,0,0,0,0,1,0,0,0,0,0,0,0,0.484848485
Kentucky,115.8,95.6,0.9,51.8,46.8,18.6,16.8,35.7,31,44,32.3,51.2,48,35.7,30.1,70,4.3,0,0,0,0,0,0,0,1,0,0,0,1,0,0,0,0,0,0,0,0,0,0,0,0,0.810810811
Clemson,112.5,93.1,0.8984,52.9,47.2,17.4,17.4,27.2,26.3,33.5,27.2,51.6,43.9,36.6,35.2,67.2,3.9,0,0,0,0,0,0,0,1,0,0,0,1,0,0,0,0,0,0,0,0,0,0,0,0,0.588235294
Seton Hall,117.8,98.2,0.8902,52.9,50.3,17.8,17.7,34.3,28.4,35.2,29.8,52,50,36.5,33.8,70.7,2.5,0,0,0,0,1,0,0,0,0,0,0,0,0,0,1,0,0,0,0,0,0,0,0,0,0.588235294
Creighton,116.2,97.4,0.8836,57.4,50.1,15.6,15.8,22.5,24.6,26.5,24.8,58.7,50,37.2,33.6,72.3,2,0,0,0,0,0,1,0,0,0,0,0,0,0,0,1,0,0,0,0,0,0,0,0,0,0.588235294
TCU,119.5,100.5,0.8804,56.5,52.3,17.8,17.4,34.2,26.1,34.1,30.5,55.1,50.1,39.4,37.6,70,2.2,0,0,0,0,0,1,0,0,0,0,0,0,1,0,0,0,0,0,0,0,0,0,0,0,0.621621622
Auburn,114,96.9,0.8672,50.8,49.7,16.4,20.7,32.1,28,39.8,38.1,48.7,47.7,35.7,35.1,73.8,4.3,0,0,0,0,1,0,0,0,0,0,1,0,0,0,0,0,0,0,0,0,0,0,0,0,0.769230769
Wichita St.,120.9,102.7,0.8671,55.1,49.4,16.5,16.3,35.4,22.6,34.8,33.2,53.8,46,38.1,36.3,70.1,3.4,0,0,0,0,0,1,0,0,0,0,1,0,0,0,0,0,0,0,0,0,0,0,0,0,0.594594595
Texas A&M,111.2,94.7,0.864,51.4,46.9,19.2,15.3,33.9,27.3,32,27.6,52.5,45.7,32.9,32.6,70.3,1.9,0,0,0,0,0,0,0,1,0,0,0,0,0,1,0,0,0,0,0,0,0,0,0,0,0.4375
Florida St.,113.2,96.4,0.8631,53.2,48.4,17.8,19.4,32.3,29.8,37,32.4,53.6,45.4,35,35.5,72.5,0.9,0,1,0,0,0,0,0,0,0,0,0,0,0,0,0,1,0,0,0,0,0,0,0,0,0.783783784
Miami FL,113.3,96.6,0.8623,53.1,49,16.8,18.8,29.1,28.2,29.1,28.1,52.2,48.8,36.4,32.8,68.2,2.7,0,0,0,0,0,1,0,0,0,0,0,0,1,0,0,0,0,0,0,0,0,0,0,0,0.4375
Kansas St.,109.6,93.7,0.8584,52.6,49.1,17.2,21.6,25.9,31.9,33.8,36.8,53.4,48.9,34.1,33,66.5,2.5,0,1,0,0,0,0,0,0,0,0,0,0,0,0,0,1,0,0,0,0,0,0,0,0,0.735294118
Virginia Tech,115.2,98.6,0.8579,57.7,50.4,17,18.6,23.9,29.4,36.5,29.4,57.3,49.2,38.8,34.7,70.2,1.3,0,0,0,0,0,1,0,0,0,0,0,0,0,0,1,0,0,0,0,0,0,0,0,0,0.742857143
Texas,109.3,93.7,0.8547,50,48.3,17,18,29.4,29.1,33,26.2,51.2,47.5,32,33.2,66.6,1.4,0,0,0,0,0,1,0,0,0,0,0,0,0,0,0,0,1,0,0,0,0,0,0,0,0.567567568
Maryland,113.9,97.8,0.853,54.3,47.5,20.4,16.3,31.4,28.2,37.9,24,53.9,45.6,36.8,33.8,67.5,-0.6,0,0,0,1,0,0,0,0,0,0,0,0,0,0,0,0,0,0,0,0,0,0,0,1,0.676470588
Arizona,117,100.4,0.8528,56.3,49.9,17.5,16.7,33.2,25.1,36.9,31.2,56.7,47.7,36.9,35.8,68.3,3.8,0,0,0,0,0,1,0,0,0,0,1,0,0,0,0,0,0,0,0,0,0,0,0,0,0.53125
Oklahoma St.,112.7,96.8,0.852,49.8,50,18.1,20.3,34.2,31.1,32.2,35.6,48.3,47.5,34.8,36.7,70,0.1,0,0,0,1,0,0,0,0,0,0,0,0,0,0,0,0,0,0,0,0,0,0,0,1,0.375
San Diego St.,110.2,94.9,0.8486,51.7,48.6,17,19,31.6,25,35.1,29.6,52,47.8,34.1,33.2,70,-1.5,0,0,0,0,0,1,0,0,0,0,0,0,0,0,0,0,0,1,0,0,0,0,0,0,0.636363636
Louisville,112,96.4,0.8486,51.8,47,16.7,18.9,28.6,31.4,31.9,29.3,49.7,45.8,37.1,32.9,70.6,0.5,0,0,0,1,0,0,0,0,0,0,0,0,0,0,0,0,0,0,0,0,0,0,0,1,0.588235294
Arkansas,116.7,100.4,0.8483,53.8,50.4,15.1,19.4,28.8,31.7,37.4,40.8,51.2,48.2,39.5,35.7,71.1,2.8,0,0,0,0,0,1,0,0,0,0,0,0,0,1,0,0,0,0,0,0,0,0,0,0,0.529411765
Saint Mary's,118.7,102.3,0.8468,58.7,49.2,15.4,15.1,28.9,22.8,30.4,24.8,57.1,49.5,41,32.3,64.6,1.3,0,0,0,1,0,0,0,0,0,0,0,0,0,0,0,0,0,0,0,0,0,0,0,1,0.647058824
Nevada,118.9,102.5,0.8462,54.8,49.4,13.5,18,26.7,29.3,36.3,30.1,52.1,50.7,39.2,31.7,70.7,2.5,0,0,0,0,0,0,0,1,0,0,0,0,0,1,0,0,0,0,0,0,0,0,0,0,0.852941176
Loyola Chicago,110.5,95.4,0.8444,57.7,47.4,19.1,19.4,22.1,25.9,32.2,25.2,56.6,47.1,39.8,32,66.4,2,0,0,1,0,0,0,0,0,0,0,0,0,0,0,0,0,0,1,0,0,0,0,0,0,0.606060606
Marquette,120.1,103.8,0.8434,56.8,53.8,17.3,18.1,27.6,29.6,28.8,38.9,52.2,53.8,41.7,35.9,70.4,1,0,0,0,1,0,0,0,0,0,0,0,0,0,0,0,0,0,0,0,0,0,0,0,1,0.705882353
Baylor,110.5,95.5,0.843,51.8,47.7,19.8,17.2,35.5,29.7,32.2,30.2,51.3,46.2,35.4,33.4,67.6,0.1,0,0,0,1,0,0,0,0,0,0,0,0,0,0,0,0,0,0,0,0,0,0,0,1,0.588235294
USC,114,98.6,0.8423,53.8,51,15.3,19.2,30,28.8,29.9,26.6,52.4,49.8,37.6,35.2,69,-0.4,0,0,0,1,0,0,0,0,0,0,0,0,0,0,0,0,0,0,0,0,0,0,0,1,0.484848485
Missouri,111,96,0.842,54.1,46.7,20.8,16,30.3,27.9,38.3,30.3,50.3,45.4,39,32.7,66.8,0.4,0,0,0,0,0,1,0,0,0,0,0,0,0,0,1,0,0,0,0,0,0,0,0,0,0.46875
Oklahoma,114.6,99.5,0.835,53.5,51,17.3,16.8,28.4,30,33.2,25.6,53.3,49.1,35.9,36.2,76.7,1.1,0,0,0,0,0,1,0,0,0,0,0,0,0,0,0,0,1,0,0,0,0,0,0,0,0.588235294
Syracuse,106,92.1,0.8344,46.9,46.2,19.1,19.5,34.7,30.4,40.5,31.4,46.6,45.1,31.7,31.8,64,-0.4,0,0,0,0,0,0,0,1,0,0,0,0,0,0,0,0,0,1,0,0,0,0,0,0,0.588235294
Mississippi St.,111.2,96.6,0.8343,52.2,48.3,19.1,19.5,32.1,30.7,31.7,29.7,55.2,47.2,31.5,33.3,68.6,0,0,0,0,1,0,0,0,0,0,0,0,0,0,0,0,0,0,0,0,0,0,0,0,1,0.676470588
Nebraska,110.4,96.1,0.8325,49.1,47,16,18.3,30.1,34,37.6,26.5,47.6,46.5,34.6,32.2,68.7,1.9,0,0,0,1,0,0,0,0,0,0,0,0,0,0,0,0,0,0,0,0,0,0,0,1,0.542857143
Notre Dame,114.1,99.4,0.8305,51.1,49.3,14.7,16.4,31.1,28.8,31,22.6,49.6,47,35.6,35.4,66.7,-0.7,0,0,0,1,0,0,0,0,0,0,0,0,0,0,0,0,0,0,0,0,0,0,0,1,0.424242424
Davidson,117,102.3,0.823,57.4,51.2,14.5,16.2,22.6,23.4,24.6,29.6,56.5,50.3,38.9,35,65.5,-2.9,0,0,0,0,0,1,0,0,0,0,0,0,0,0,0,0,0,0,1,0,0,0,0,0,0.727272727
North Carolina St.,115.6,101.3,0.821,53.4,51.6,16.8,20.4,33.4,32,34.2,33.7,52.1,53.6,37.2,31.6,72.8,0.9,0,0,0,0,0,1,0,0,0,0,0,0,0,0,0,1,0,0,0,0,0,0,0,0,0.666666667
Middle Tennessee,110.3,96.8,0.8186,53.1,49.2,18.6,19.1,30.7,22.3,30.1,40.8,51.9,50.4,37.1,31.5,67.7,0.8,0,0,0,1,0,0,0,0,0,0,0,0,0,0,0,0,0,0,0,0,0,0,0,1,0.366666667
Utah,111.4,97.9,0.8156,54.5,48.3,17.5,17.5,24.1,28.6,34.4,28.8,53.6,47,37,33.6,67.1,-1.5,0,0,0,1,0,0,0,0,0,0,0,0,0,0,0,0,0,0,0,0,0,0,0,1,0.548387097
Arizona St.,115.7,102.1,0.8089,53.8,50.6,14.7,20.4,28,30.6,41.3,32.7,53.2,50.2,36.4,34.2,72.7,-1.2,0,0,0,0,0,0,1,0,0,0,0,0,0,0,0,0,0,1,0,0,0,0,0,0,0.676470588
Boise St.,109.2,96.3,0.8087,53.8,48.8,18.9,16.4,29.3,18.4,31,29.5,52,48.4,37.5,33,70.1,-0.4,0,0,0,1,0,0,0,0,0,0,0,0,0,0,0,0,0,0,0,0,0,0,0,1,0.40625
Alabama,107.9,95.3,0.8074,51.9,47.8,20.3,18.7,29.4,30.9,41.9,36.5,53.5,46.9,32.6,32.8,69.9,-1.1,0,0,0,0,1,0,0,0,0,0,0,0,0,0,0,1,0,0,0,0,0,0,0,0,0.529411765
Western Kentucky,113.8,100.7,0.8039,54.2,49.4,16.6,17.9,29,29.3,40,23.9,54.6,46.7,35.4,36,69.5,-1.2,0,0,0,1,0,0,0,0,0,0,0,0,0,0,0,0,0,0,0,0,0,0,0,1,0.588235294
UCLA,113.7,100.6,0.8029,53.7,49.1,16.6,14.5,28.5,26.9,35.5,29.7,51.4,47.3,38.1,34.6,71.5,0,0,0,0,0,0,0,1,0,0,0,0,0,0,0,0,0,0,1,0,0,0,0,0,0,0.515151515
Providence,108.4,95.9,0.8027,49.6,50.3,17.4,19,28.9,29,38.6,31.8,49.5,51.5,33.2,32.2,68.3,1.9,0,0,0,0,0,1,0,0,0,0,0,0,0,0,0,0,1,0,0,0,0,0,0,0,0.529411765
Georgia,107.5,95.3,0.8007,47.5,45.6,19.2,14.5,34.8,28.9,40.1,27.7,47.4,43.1,31.8,33.2,65.6,-1.1,0,0,0,1,0,0,0,0,0,0,0,0,0,0,0,0,0,0,0,0,0,0,0,1,0.34375
South Dakota St.,113.2,100.4,0.7989,54.3,50,14,14.2,24.6,23.3,35.4,25.6,50.7,49.8,39.3,33.6,71.5,0.6,0,0,0,0,0,1,0,0,0,0,0,0,0,0,0,0,0,0,1,0,0,0,0,0,0.75
Rhode Island,109.7,97.3,0.7988,51.1,50.4,15.3,22.6,31,28.2,30.1,40.6,50.4,50.6,35.2,33.2,69.6,1.6,0,0,0,0,1,0,0,0,0,0,0,0,0,1,0,0,0,0,0,0,0,0,0,0,0.545454545
New Mexico St.,106.8,95,0.7927,51.6,46,17.4,19,33.8,22.5,29.1,33,52,45.7,34,31.1,69.4,1.3,0,0,0,0,0,1,0,0,0,0,0,0,0,0,0,0,0,0,1,0,0,0,0,0,0.909090909
Old Dominion,107.5,95.7,0.791,50.7,47.7,15.5,21.6,32.3,26.2,33,30.3,49.3,45.6,35.7,33.8,66,-0.9,0,0,0,1,0,0,0,0,0,0,0,0,0,0,0,0,0,0,0,0,0,0,0,1,0.742857143
Louisiana Lafayette,112.2,100.6,0.7774,52.7,49.1,18.3,19.6,35.9,27.9,38,36.1,52.4,48.5,35.4,33.6,71.6,-0.5,0,0,0,1,0,0,0,0,0,0,0,0,0,0,0,0,0,0,0,0,0,0,0,1,0.633333333
St. John's,106,95.1,0.7764,49.2,50.3,16.4,22.2,23.6,32,30.4,34.4,48.8,46,33.3,37.4,70.5,-3,0,0,0,1,0,0,0,0,0,0,0,0,0,0,0,0,0,0,0,0,0,0,0,1,0.617647059
Buffalo,114.5,102.7,0.7761,54.8,48.8,16.5,18.1,31.9,29.1,29.9,39.5,54.3,48.4,37.1,33.1,73.8,-1.3,0,0,0,0,1,0,0,0,0,0,0,0,0,0,0,0,0,0,0,1,0,0,0,0,0.914285714
LSU,114.2,102.7,0.7721,54.5,52.7,16.6,19.6,29.2,31.6,32.5,32.7,56.3,52.6,34.6,35.3,69.5,-1.9,0,0,0,1,0,0,0,0,0,0,0,0,0,0,0,0,0,0,0,0,0,0,0,1,0.8
Georgetown,111.5,100.4,0.7688,51.8,50.8,20.7,17,31.3,26,38.3,28.3,50.1,49.9,36.6,34.8,71.4,-3.5,0,0,0,1,0,0,0,0,0,0,0,0,0,0,0,0,0,0,0,0,0,0,0,1,0.575757576
Indiana,108.8,98,0.7685,51.1,50.8,18.2,19.7,31.8,29.5,36.4,32.2,52.5,48.4,32.2,36.7,67.8,-2.9,0,0,0,1,0,0,0,0,0,0,0,0,0,0,0,0,0,0,0,0,0,0,0,1,0.542857143
Fresno St.,108.5,98,0.7631,54.5,49.6,17.4,18.8,26.6,24.6,38.4,39,52.7,46.7,39,36.8,67.7,-3.8,0,0,0,1,0,0,0,0,0,0,0,0,0,0,0,0,0,0,0,0,0,0,0,1,0.741935484
Wisconsin,108.7,98.3,0.7618,50.9,51.2,16.8,18.4,28.4,27.7,32.7,30.2,51.2,50.6,33.5,35,63.9,-3.8,0,0,0,1,0,0,0,0,0,0,0,0,0,0,0,0,0,0,0,0,0,0,0,1,0.676470588
South Carolina,104.7,94.8,0.759,46.2,49.3,19.7,21,33.6,27.5,42.8,43.1,43.5,48.7,33.8,33.5,69.8,-3.1,0,0,0,1,0,0,0,0,0,0,0,0,0,0,0,0,0,0,0,0,0,0,0,1,0.516129032
Northwestern,109,99,0.7512,49.5,51,17.8,19,29.4,27.7,29.1,37,47.1,48.9,35.4,36.2,65.5,-4.2,0,0,0,1,0,0,0,0,0,0,0,0,0,0,0,0,0,0,0,0,0,0,0,1,0.40625
Oregon,110,100,0.7501,53.3,50.3,17.1,19,31,26.8,31.7,36.3,53.1,48.4,35.7,35.6,68.6,-2.3,0,0,0,1,0,0,0,0,0,0,0,0,0,0,0,0,0,0,0,0,0,0,0,1,0.657894737
St. Bonaventure,109.6,99.7,0.7485,51.6,49,16.3,20.4,29.3,29.1,40.5,38.4,48.5,49.7,38.6,32,70.4,1.4,0,0,0,0,0,1,0,0,0,0,0,0,0,0,0,0,0,1,0,0,0,0,0,0,0.529411765
South Dakota,108.3,98.6,0.7458,52.1,48.4,15.7,19.9,29.4,27.1,35.7,29.7,51.9,47.1,35,33.7,71.7,-1.8,0,0,0,1,0,0,0,0,0,0,0,0,0,0,0,0,0,0,0,0,0,0,0,1,0.464285714
Murray St.,110.6,100.8,0.7449,55,47.2,17.6,18,32.9,27.6,37.3,30.5,54.4,47.6,37.2,30.9,67.8,-0.4,0,0,0,0,0,1,0,0,0,0,0,0,0,0,0,0,0,0,1,0,0,0,0,0,0.903225806
Boston College,112.6,102.8,0.7399,52.1,51.8,18.2,17.6,30.1,26,30.7,27.1,51.1,50.1,35.9,36.1,70.9,-1.9,0,0,0,1,0,0,0,0,0,0,0,0,0,0,0,0,0,0,0,0,0,0,0,1,0.451612903
Stanford,107.6,98.5,0.7341,51.9,49.7,20.6,15.9,32.8,27,41.6,29.2,50.3,47.9,36.9,35.1,71.9,-4.3,0,0,0,1,0,0,0,0,0,0,0,0,0,0,0,0,0,0,0,0,0,0,0,1,0.483870968
Illinois,110.7,101.7,0.727,49.8,53.3,18.8,23.2,34,31.3,33.1,47.9,49.8,54.1,33.2,34.5,71.2,-6.5,0,0,0,1,0,0,0,0,0,0,0,0,0,0,0,0,0,0,0,0,0,0,0,1,0.363636364
Iowa St.,110.2,101.3,0.7249,49.9,51,17,16.4,29.5,30.6,29.8,26.5,47.9,51,35.8,33.9,70.1,-4.3,0,0,0,1,0,0,0,0,0,0,0,0,0,0,0,0,0,0,0,0,0,0,0,1,0.657142857
Wake Forest,110.4,101.6,0.7242,50.5,51.5,18.8,17.5,30.5,27.7,31.9,39,47.4,48.1,37.4,37.7,70.7,-7.9,0,0,0,1,0,0,0,0,0,0,0,0,0,0,0,0,0,0,0,0,0,0,0,1,0.35483871
BYU,106.7,98.2,0.7226,54.1,51.3,16.8,18.5,22.5,22.8,37.6,28.4,55.3,51.9,34.7,33.6,68.7,-1.8,0,0,0,1,0,0,0,0,0,0,0,0,0,0,0,0,0,0,0,0,0,0,0,1,0.59375
Belmont,112.3,103.4,0.7217,58.8,48.9,18.1,16.9,25.2,25.7,27.9,26.8,61.7,48.1,37.6,33.5,68.3,-2.7,0,0,0,1,0,0,0,0,0,0,0,0,0,0,0,0,0,0,0,0,0,0,0,1,0.84375
UNC Greensboro,103.4,95.2,0.7207,51.7,47.5,19.8,21.4,33.7,23.9,26,39.2,51.1,47.3,35,31.9,66.2,-1.6,0,0,0,0,0,1,0,0,0,0,0,0,0,0,0,0,0,0,0,1,0,0,0,0,0.852941176
Iowa,116.1,106.9,0.7202,54.3,53.1,18.7,15.5,34.1,28,35.4,28.1,53.3,51.2,37.5,37.6,71.4,-5.7,0,0,0,1,0,0,0,0,0,0,0,0,0,0,0,0,0,0,0,0,0,0,0,1,0.657142857
Montana,106.7,98.4,0.7184,51.2,48.4,17.4,21.2,33.5,26.1,38.3,41.4,51.4,46.3,33.7,35.2,69.1,-1.1,0,0,0,0,0,1,0,0,0,0,0,0,0,0,0,0,0,0,0,0,1,0,0,0,0.787878788
Vanderbilt,114.7,105.9,0.7142,51.8,52.4,17.7,14.7,28.6,27.7,36.2,36.5,50.8,50.7,35.3,37.4,67,-6,0,0,0,1,0,0,0,0,0,0,0,0,0,0,0,0,0,0,0,0,0,0,0,1,0.28125
Temple,107.4,99.3,0.7113,49.3,49.8,15.9,18.7,27.7,32.4,25.6,31.5,47.2,50.5,35,32.4,68.4,-3.3,0,0,0,1,0,0,0,0,0,0,0,0,0,0,0,0,0,0,0,0,0,0,0,1,0.696969697
DePaul,103.8,96,0.7111,47.9,52,19.4,20.2,32.9,28.1,29.4,32.3,48.5,49.2,31,37.1,71,-6.7,0,0,0,1,0,0,0,0,0,0,0,0,0,0,0,0,0,0,0,0,0,0,0,1,0.527777778
Northern Kentucky,106.2,98.3,0.7087,53.8,47.1,17.6,19.2,28,26.8,31,31.7,55.7,46.7,34,31.8,69.6,-4.5,0,0,0,1,0,0,0,0,0,0,0,0,0,0,0,0,0,0,0,0,0,0,0,1,0.787878788
SMU,107.6,99.8,0.7041,52,49.5,18,21.7,32.7,31.7,30.5,30.6,48.7,48.6,37.9,33.8,65.4,-6.3,0,0,0,1,0,0,0,0,0,0,0,0,0,0,0,0,0,0,0,0,0,0,0,1,0.46875
Furman,108.1,100.8,0.6911,54.9,50.1,16.5,20.6,27,28.6,28.2,29.9,56.8,51.4,35.3,32,69.7,-4,0,0,0,1,0,0,0,0,0,0,0,0,0,0,0,0,0,0,0,0,0,0,0,1,0.833333333
Georgia St.,108.8,101.5,0.6894,53.9,47.1,16.7,20.6,25.6,33.4,30.9,38.6,50.9,44,38.7,33.8,67.7,-5.1,0,0,0,0,0,1,0,0,0,0,0,0,0,0,0,0,0,0,0,0,0,1,0,0,0.727272727
Washington,105.9,98.8,0.6886,51.7,50.7,18.6,21.1,28.9,33.3,36.7,34.4,51.6,50.9,34.6,33.4,70.8,-2.5,0,0,0,1,0,0,0,0,0,0,0,0,0,0,0,0,0,0,0,0,0,0,0,1,0.75
Tulsa,108.5,101.4,0.6853,50.7,49.5,18.6,17.9,32,29.6,41.6,25.3,49.7,47.9,34.7,34.4,68.8,-4.1,0,0,0,1,0,0,0,0,0,0,0,0,0,0,0,0,0,0,0,0,0,0,0,1,0.5625
Stephen F. Austin,103.8,97.1,0.6832,53.1,49.7,20.7,25.9,32,28.5,40.5,50.3,51.7,47.4,37.4,35.6,72.1,-1.8,0,0,0,0,0,1,0,0,0,0,0,0,0,0,0,0,0,0,0,0,1,0,0,0,0.538461538
Utah Valley,109,102,0.6814,54.2,48.1,19.8,17.5,30.9,27.5,39.1,28.5,51.9,47.4,38.9,32.9,69.2,-4.1,0,0,0,1,0,0,0,0,0,0,0,0,0,0,0,0,0,0,0,0,0,0,0,1,0.757575758
New Mexico,113.2,106.1,0.6778,53.5,54.8,16.8,22,26.1,31,34.6,39.9,51.4,53.7,37.1,38.1,72.2,-6.1,0,0,0,1,0,0,0,0,0,0,0,0,0,0,0,0,0,0,0,0,0,0,0,1,0.451612903
Bucknell,108,101.3,0.676,53.9,47.8,17,17,27,27.5,42.6,34.5,55,47,34.8,33.1,72.9,-3,0,0,0,0,0,1,0,0,0,0,0,0,0,0,0,0,0,0,0,0,1,0,0,0,0.636363636
Vermont,110.7,103.8,0.6759,55.9,50.6,16.9,16.8,26,22.6,41.8,25,53.8,49.9,39.9,34.6,65.2,-0.9,0,0,0,1,0,0,0,0,0,0,0,0,0,0,0,0,0,0,0,0,0,0,0,1,0.818181818
Northern Colorado,106.7,100.2,0.674,53.7,48.8,16.7,17.3,25.6,24.4,33.7,36.7,54,48.7,35.5,32.8,73.1,-6.2,0,0,0,1,0,0,0,0,0,0,0,0,0,0,0,0,0,0,0,0,0,0,0,1,0.7
Northern Iowa,103.6,97.3,0.6732,48.5,49.8,17.5,17,24.5,22.1,31.3,25.6,47.3,46.4,33.5,37,63.7,-7.1,0,0,0,1,0,0,0,0,0,0,0,0,0,0,0,0,0,0,0,0,0,0,0,1,0.5
Oregon St.,107.4,100.9,0.6713,52.1,49.6,19.4,18.6,31.8,28.7,38.7,38.2,53.3,48.1,32.9,34.8,66.8,-7.3,0,0,0,1,0,0,0,0,0,0,0,0,0,0,0,0,0,0,0,0,0,0,0,1,0.580645161
Northeastern,106.1,99.8,0.6709,56.9,49.4,19.8,17.9,25.3,25.6,35.1,33,57.6,51.1,37.3,30,68,-4,0,0,0,1,0,0,0,0,0,0,0,0,0,0,0,0,0,0,0,0,0,0,0,1,0.676470588
Minnesota,108.3,101.8,0.6706,48.7,50.5,15.5,16,30,29.5,35.1,27.1,47.1,47.3,34.6,37.5,71.2,-5,0,0,0,1,0,0,0,0,0,0,0,0,0,0,0,0,0,0,0,0,0,0,0,1,0.611111111
Mississippi,110.4,103.9,0.6687,48.3,51.5,15.9,17.3,31.3,30.7,33.8,36.9,48.7,48.1,31.9,37.8,71,-7,0,0,0,1,0,0,0,0,0,0,0,0,0,0,0,0,0,0,0,0,0,0,0,1,0.606060606
East Tennessee St.,103.5,97.5,0.6652,53.8,47.1,19.7,20.6,30.7,27.7,33.1,33.4,54.8,46.4,34.7,32,68.9,-3.1,0,0,0,1,0,0,0,0,0,0,0,0,0,0,0,0,0,0,0,0,0,0,0,1,0.75
Penn,103.6,97.6,0.6644,52.9,47,16.6,17,23.8,22.6,33.4,31.8,53.3,48,34.8,30,70.1,-3.3,0,0,0,0,0,1,0,0,0,0,0,0,0,0,0,0,0,0,0,0,0,0,1,0,0.633333333
UNLV,110.4,104.1,0.6637,53.5,48.7,19.1,15.5,34.5,29.9,43.4,26.2,54.8,46.7,33.4,35.2,73.8,-4.8,0,0,0,1,0,0,0,0,0,0,0,0,0,0,0,0,0,0,0,0,0,0,0,1,0.548387097
Marshall,108.8,102.5,0.6633,54.7,49.9,17.2,18.4,22.4,32.3,33.1,28.9,55.5,48.7,35.9,35,75.9,-2.5,0,0,0,0,1,0,0,0,0,0,0,0,0,0,0,0,0,0,0,1,0,0,0,0,0.621621622
Colorado,104.8,99,0.6588,50.6,49.3,20,15.1,29.3,26.3,33.3,34,48.8,46.6,35.8,35.7,69.2,-4.5,0,0,0,1,0,0,0,0,0,0,0,0,0,0,0,0,0,0,0,0,0,0,0,1,0.638888889
Grand Canyon,101.9,96.5,0.6514,48.5,44.3,18.8,21.5,31.7,28.3,39.1,39.2,49.2,45.6,31.7,27.5,69.9,-5.4,0,0,0,1,0,0,0,0,0,0,0,0,0,0,0,0,0,0,0,0,0,0,0,1,0.606060606
UAB,108,102.5,0.6448,54.7,50.6,19,17.6,30.9,25,28.3,26.8,55.9,49.1,34.8,35,68.8,-6.1,0,0,0,1,0,0,0,0,0,0,0,0,0,0,0,0,0,0,0,0,0,0,0,1,0.606060606
Georgia Tech,103.4,98.5,0.6385,46.9,49.2,19.2,18.9,30.8,30.6,34.8,31.8,46.6,45.4,31.8,37.9,67,-6.7,0,0,0,1,0,0,0,0,0,0,0,0,0,0,0,0,0,0,0,0,0,0,0,1,0.4375
San Diego,104.1,99.3,0.6325,53.1,46.3,19.6,17.8,22.4,26.4,39.3,41.9,51.7,46.4,36.6,30.7,68,-5.7,0,0,0,1,0,0,0,0,0,0,0,0,0,0,0,0,0,0,0,0,0,0,0,1,0.6
Saint Joseph's,104.5,99.9,0.628,48.8,49.6,13.9,16.2,23.5,24.5,34.6,24.6,47.7,48.9,33.7,33.7,71.6,-8.1,0,0,0,1,0,0,0,0,0,0,0,0,0,0,0,0,0,0,0,0,0,0,0,1,0.424242424
Missouri St.,108.3,103.6,0.6271,49.4,47.5,17.4,14.8,33.1,25.8,27.3,30.4,49.4,46,32.9,33.5,66.7,-8,0,0,0,1,0,0,0,0,0,0,0,0,0,0,0,0,0,0,0,0,0,0,0,1,0.516129032
Toledo,113.2,108.3,0.6248,55.3,49.5,16.6,13.4,27.8,27.8,37.1,26.4,51.4,48.5,40.6,34.4,69.5,-4.5,0,0,0,1,0,0,0,0,0,0,0,0,0,0,0,0,0,0,0,0,0,0,0,1,0.78125
UCF,97.4,93.5,0.6165,47.8,45.7,20.7,18.9,28.5,28.6,43.1,26.2,47.1,43.7,32.9,33.1,65.8,-3.4,0,0,0,1,0,0,0,0,0,0,0,0,0,0,0,0,0,0,0,0,0,0,0,1,0.727272727
Bradley,103.9,99.7,0.6155,48.9,47.7,20,20.3,31.3,29,37.8,35.6,46.6,46.2,35.6,33.3,67,-5.6,0,0,0,1,0,0,0,0,0,0,0,0,0,0,0,0,0,0,0,0,0,0,0,1,0.588235294
Eastern Washington,107.4,103.3,0.6107,54,51,16.8,16.9,21.6,25,28,35.4,52,49.6,37.9,35.8,67.9,-7.1,0,0,0,1,0,0,0,0,0,0,0,0,0,0,0,0,0,0,0,0,0,0,0,1,0.484848485
UC Santa Barbara,110.2,106.2,0.6045,53,49.9,14.9,16.6,28.7,27,32,29.5,50.5,48.9,38.3,34.4,67.9,-3.9,0,0,0,1,0,0,0,0,0,0,0,0,0,0,0,0,0,0,0,0,0,0,0,1,0.733333333
Wyoming,104.6,101.2,0.5944,52.1,51,17.6,19.1,19.5,25.7,41.2,37.8,52.7,48.6,34.2,37,74.5,-3.8,0,0,0,1,0,0,0,0,0,0,0,0,0,0,0,0,0,0,0,0,0,0,0,1,0.258064516
Rutgers,98.1,95,0.589,43.6,48,17.2,20.5,33.3,29.1,30.5,30.8,43.4,47.6,29.6,32.5,67.2,-6.8,0,0,0,1,0,0,0,0,0,0,0,0,0,0,0,0,0,0,0,0,0,0,0,1,0.451612903
UT Arlington,104.7,101.5,0.5886,52.5,49.2,20.1,19.3,30.8,27.7,34.8,34.7,51,47.9,36.5,33.9,73.9,-6.2,0,0,0,1,0,0,0,0,0,0,0,0,0,0,0,0,0,0,0,0,0,0,0,1,0.53125
Harvard,100.8,97.8,0.5854,50.4,49,20.5,18.4,26.5,23.1,27.6,35.2,48.5,47.7,35.4,34.1,66.8,-6.8,0,0,0,1,0,0,0,0,0,0,0,0,0,0,0,0,0,0,0,0,0,0,0,1,0.633333333
La Salle,104.6,101.6,0.5849,49,51.7,16.5,17.5,25.5,25.4,31,33.8,48.8,48.8,32.9,38.1,70.1,-11.1,0,0,0,1,0,0,0,0,0,0,0,0,0,0,0,0,0,0,0,0,0,0,0,1,0.322580645
VCU,105.5,102.7,0.5788,52.6,51.5,18.7,17.8,29,27,28.1,29.4,52.4,50.9,35.2,35.1,72,-7,0,0,0,1,0,0,0,0,0,0,0,0,0,0,0,0,0,0,0,0,0,0,0,1,0.757575758
North Texas,105.5,102.8,0.5741,51.2,48.6,18.7,17.3,30.2,25.7,33.6,38.8,50,49.1,35.4,31.9,68.5,-10.2,0,0,0,1,0,0,0,0,0,0,0,0,0,0,0,0,0,0,0,0,0,0,0,1,0.7
Florida Gulf Coast,105.8,103.2,0.5707,55.3,49.9,19.5,18.9,31.3,26.7,33.4,35.1,54.9,49.2,37.3,34,72.2,-6.4,0,0,0,1,0,0,0,0,0,0,0,0,0,0,0,0,0,0,0,0,0,0,0,1,0.466666667
UC Davis,103.2,100.8,0.5691,52,49.4,18.6,21.9,24.4,29.1,38.5,36.5,50.7,49.2,36.6,33,67.5,-4.4,0,0,0,1,0,0,0,0,0,0,0,0,0,0,0,0,0,0,0,0,0,0,0,1,0.379310345
College of Charleston,106.8,104.3,0.5685,52.7,49.9,15.1,17.8,25.5,27.9,36.6,32.1,52,48.7,35.9,34.6,66,-2.1,0,0,0,0,0,1,0,0,0,0,0,0,0,0,0,0,0,0,0,1,0,0,0,0,0.75
Evansville,97.6,95.4,0.5674,48.7,49.8,20.9,20.9,23.9,26.1,34.6,32.9,44.5,48.5,39.8,34.4,66.7,-7.7,0,0,0,1,0,0,0,0,0,0,0,0,0,0,0,0,0,0,0,0,0,0,0,1,0.366666667
Wright St.,99.4,97.2,0.5638,48.6,48.3,18.6,21,28.7,25.3,35.3,29.9,47.7,45.8,33.5,34.7,69.3,-3.5,0,0,0,0,0,1,0,0,0,0,0,0,0,0,0,0,0,0,0,0,1,0,0,0,0.636363636
Utah St.,106.1,103.8,0.5631,53.2,51.9,18.8,17.6,25.4,26.4,33.2,33.3,52.5,50.7,36,36,68,-8,0,0,0,1,0,0,0,0,0,0,0,0,0,0,0,0,0,0,0,0,0,0,0,1,0.823529412
Eastern Michigan,101.3,99.1,0.563,51.4,47.5,18.7,20.1,30.4,32.7,29.2,31.6,52,44.6,33.6,34.6,66,-6.6,0,0,0,1,0,0,0,0,0,0,0,0,0,0,0,0,0,0,0,0,0,0,0,1,0.535714286
UC Irvine,99.4,97.3,0.5585,48.1,45,20.5,14.8,32.3,24.8,28.2,41.2,47.5,42.9,33,32.8,68.2,-9.1,0,0,0,1,0,0,0,0,0,0,0,0,0,0,0,0,0,0,0,0,0,0,0,1,0.861111111
Saint Louis,101.3,99.3,0.5572,47.1,49.3,19.5,18.3,33.8,27,45.8,35.1,46.6,47.7,32,34.8,65.3,-7.9,0,0,0,1,0,0,0,0,0,0,0,0,0,0,0,0,0,0,0,0,0,0,0,1,0.638888889
Illinois St.,104.4,102.5,0.5537,49.8,49,18.9,18.1,26,31.5,33.8,38.3,49.4,50.3,33.6,31.3,70.1,-5.9,0,0,0,1,0,0,0,0,0,0,0,0,0,0,0,0,0,0,0,0,0,0,0,1,0.53125
Louisiana Tech,106.2,104.3,0.5516,50.9,50.6,17.9,18.2,27.4,29,36.5,32.1,48.2,48.6,36.7,36.4,68.5,-9,0,0,0,1,0,0,0,0,0,0,0,0,0,0,0,0,0,0,0,0,0,0,0,1,0.64516129
Indiana St.,103.2,101.4,0.5506,49.5,51.4,20.1,19.8,27.6,23.6,34.1,42.1,46.5,50.1,35.9,35.7,71.1,-10.3,0,0,0,1,0,0,0,0,0,0,0,0,0,0,0,0,0,0,0,0,0,0,0,1,0.517241379
Drake,105.6,103.8,0.5496,50.4,51.6,17.2,16.9,23.6,27.9,32.3,24.5,48.4,52.3,35.6,33.6,69.3,-8.1,0,0,0,1,0,0,0,0,0,0,0,0,0,0,0,0,0,0,0,0,0,0,0,1,0.75
San Francisco,101.8,100.1,0.5476,49.4,48.9,17.4,17,28,25.7,29.3,36.9,48.4,48.5,33.8,33.3,68,-7.1,0,0,0,1,0,0,0,0,0,0,0,0,0,0,0,0,0,0,0,0,0,0,0,1,0.7
Southern Illinois,104.4,102.8,0.5446,52.2,50.5,18.7,19.9,25.9,29,32.4,34.1,51.5,50.9,35.7,33.3,67.9,-5.3,0,0,0,1,0,0,0,0,0,0,0,0,0,0,0,0,0,0,0,0,0,0,0,1,0.53125
Memphis,107.6,106,0.5439,50.7,50.8,20.4,18.9,35.1,33.7,43.6,32.4,52.3,47.6,31.7,37,67.4,-4.4,0,0,0,1,0,0,0,0,0,0,0,0,0,0,0,0,0,0,0,0,0,0,0,1,0.611111111
Canisius,105.9,104.4,0.5411,54.2,50.5,18.7,21.6,29.9,30.4,29.9,37.2,55.9,51.7,34.8,32.1,70,-6.5,0,0,0,1,0,0,0,0,0,0,0,0,0,0,0,0,0,0,0,0,0,0,0,1,0.46875
Dayton,108.3,106.8,0.5405,55.5,54.4,20.2,18.4,25.8,27.5,31.8,29.2,59.5,52.5,33.7,38.3,67.2,-9.6,0,0,0,1,0,0,0,0,0,0,0,0,0,0,0,0,0,0,0,0,0,0,0,1,0.636363636
Lipscomb,103.2,101.8,0.5375,51.5,52,20,19.9,27.4,24.3,40.6,38.4,53.2,52.8,32.7,33.8,75.9,-3.2,0,0,0,0,0,1,0,0,0,0,0,0,0,0,0,0,0,0,0,0,0,1,0,0,0.828571429
Albany,106.1,104.8,0.5371,50.5,50.6,17.5,17,34.6,24.3,37,27.1,48.7,51.6,36.8,32.6,67.4,-6,0,0,0,1,0,0,0,0,0,0,0,0,0,0,0,0,0,0,0,0,0,0,0,1,0.387096774
Idaho,107.9,106.6,0.5348,54.7,50.1,19.4,16.1,31.1,24.2,30.4,30.2,50.3,48.1,41.1,35.2,66.8,-4.5,0,0,0,1,0,0,0,0,0,0,0,0,0,0,0,0,0,0,0,0,0,0,0,1,0.172413793
Iona,108.8,107.6,0.5333,53.9,52.5,16,18.8,24.5,30.8,30.2,28.6,51.5,51.7,38.3,35.8,71.5,-7.3,0,0,0,0,0,1,0,0,0,0,0,0,0,0,0,0,0,0,0,0,0,1,0,0,0.515151515
Rider,107.8,106.8,0.527,52.6,52.8,17.6,20.5,33.5,28.6,42.1,36.8,52,50.5,35.8,37.1,74.9,-3.4,0,0,0,1,0,0,0,0,0,0,0,0,0,0,0,0,0,0,0,0,0,0,0,1,0.516129032
UTSA,104,103.2,0.523,51.1,49.4,17.1,16.3,26.5,27.3,29.6,41.6,49.3,47.8,35.5,34.7,73,-7.1,0,0,0,1,0,0,0,0,0,0,0,0,0,0,0,0,0,0,0,0,0,0,0,1,0.607142857
Georgia Southern,104.8,104,0.5225,49.2,49.7,16.1,20.3,30.3,31.9,38.2,35.2,48.4,50.4,33.6,32.4,69.9,-6.5,0,0,0,1,0,0,0,0,0,0,0,0,0,0,0,0,0,0,0,0,0,0,0,1,0.677419355
Jacksonville St.,100.7,99.9,0.5217,50.2,48.4,19.2,19.3,33.4,26.2,30.4,32.4,51.3,47.3,31.8,33.3,67.2,-6.7,0,0,0,1,0,0,0,0,0,0,0,0,0,0,0,0,0,0,0,0,0,0,0,1,0.774193548
Hofstra,110,109.4,0.5169,53.2,54.2,15.6,16.3,30.6,27.5,36.5,32.5,51.6,54.3,37.3,36,70,-6.1,0,0,0,1,0,0,0,0,0,0,0,0,0,0,0,0,0,0,0,0,0,0,0,1,0.794117647
Mercer,111.1,110.5,0.5157,54.3,53.1,18.8,16.5,31.4,24.9,35.7,33.6,52.7,52.5,37.8,35.8,65.4,-8.2,0,0,0,1,0,0,0,0,0,0,0,0,0,0,0,0,0,0,0,0,0,0,0,1,0.379310345
Wofford,108,107.8,0.5047,55.2,53.3,18.2,18.7,25,27.1,28.5,34,50.9,52.4,40.2,36.4,67.1,-5.9,0,0,0,1,0,0,0,0,0,0,0,0,0,0,0,0,0,0,0,0,0,0,0,1,0.9375
Valparaiso,101.5,101.5,0.502,50.8,48.5,21.2,19.5,26.7,28,36.7,44.1,50.5,48.6,34.1,32.2,70.9,-9.7,0,0,0,1,0,0,0,0,0,0,0,0,0,0,0,0,0,0,0,0,0,0,0,1,0.483870968
Central Michigan,109.5,109.4,0.5009,51,52.5,17,17.9,31.1,31,33.7,27.2,50.5,53.1,34.4,34.5,68.3,-9.1,0,0,0,1,0,0,0,0,0,0,0,0,0,0,0,0,0,0,0,0,0,0,0,1,0.71875
UMBC,102.1,102.2,0.4963,52.2,51.6,17.2,20.7,25.9,28.3,30.2,30.8,48.1,51,38.2,35,69.3,-4.9,0,0,0,0,1,0,0,0,0,0,0,0,0,0,0,0,0,0,0,0,0,0,1,0,0.677419355
George Washington,103.9,104.1,0.4952,49.5,51.4,19.2,17.1,31.7,30,28.9,28.1,50.2,50.3,32.1,35.7,66.8,-9.7,0,0,0,1,0,0,0,0,0,0,0,0,0,0,0,0,0,0,0,0,0,0,0,1,0.272727273
Portland St.,106.8,107,0.494,49.2,55,16.5,22,34.7,30.5,33.3,43.3,48.9,54,33.2,38,75.7,-6.8,0,0,0,1,0,0,0,0,0,0,0,0,0,0,0,0,0,0,0,0,0,0,0,1,0.551724138
Oakland,105.7,106.2,0.4866,52,50.8,18.1,16.9,28,28.6,35.5,27.8,51.4,48.5,35.2,37.3,72,-8,0,0,0,1,0,0,0,0,0,0,0,0,0,0,0,0,0,0,0,0,0,0,0,1,0.5
William & Mary,114,114.8,0.4815,59.5,56.8,17.2,14.4,21.2,25.4,33.4,32.4,56.6,57.2,42.2,37.4,71,-6.2,0,0,0,1,0,0,0,0,0,0,0,0,0,0,0,0,0,0,0,0,0,0,0,1,0.466666667
Ball St.,102,102.7,0.4797,51.4,49.4,18.4,16.7,28,27.5,33.2,30,51.7,46.3,33.9,36.6,71.1,-6.8,0,0,0,1,0,0,0,0,0,0,0,0,0,0,0,0,0,0,0,0,0,0,0,1,0.5
Weber St.,105.4,106.1,0.4784,56,50.1,17.5,15.9,19.3,26.8,35.1,31.8,52.5,49.2,41,34.7,68.5,-6.1,0,0,0,1,0,0,0,0,0,0,0,0,0,0,0,0,0,0,0,0,0,0,0,1,0.580645161
Tulane,105.4,106.2,0.4774,51.5,50.5,18.8,17.2,27.5,30,34.5,34.6,50.9,49.8,35,34.5,70.3,-8.7,0,0,0,1,0,0,0,0,0,0,0,0,0,0,0,0,0,0,0,0,0,0,0,1,0.129032258
Cal St. Fullerton,101.6,102.5,0.476,51.6,48.2,20.7,18.2,26,28.9,45.6,35.2,52,45,33.8,36.4,70.7,-5.5,0,0,0,0,0,1,0,0,0,0,0,0,0,0,0,0,0,0,0,0,0,1,0,0,0.5
Pacific,105.2,106.1,0.4756,48.5,53,17.2,18.3,30.3,27.3,40.5,35.2,48.4,51.7,32.6,36.6,67.6,-10.2,0,0,0,1,0,0,0,0,0,0,0,0,0,0,0,0,0,0,0,0,0,0,0,1,0.466666667
Richmond,107.1,108,0.4755,52.1,55.4,16.9,19,23.4,28.3,29.7,31.4,53.2,55.3,33.4,37.2,69.1,-11.4,0,0,0,1,0,0,0,0,0,0,0,0,0,0,0,0,0,0,0,0,0,0,0,1,0.393939394
Seattle,103.7,104.6,0.4744,51,47.2,19.6,15.5,29.7,27.9,34.5,41,47.4,44.8,37.2,34.5,68.5,-7.4,0,0,0,1,0,0,0,0,0,0,0,0,0,0,0,0,0,0,0,0,0,0,0,1,0.580645161
Austin Peay,104.7,105.6,0.4734,49.9,54,19.8,22.1,34.7,28.9,35.9,39.9,49,53,34.8,37.1,70.2,-7.5,0,0,0,1,0,0,0,0,0,0,0,0,0,0,0,0,0,0,0,0,0,0,0,1,0.709677419
Princeton,104.9,106.1,0.4689,53.9,52.2,16.4,16.6,22,24.8,26.2,32.5,52.1,51.2,37.3,35.9,65.6,-10.1,0,0,0,1,0,0,0,0,0,0,0,0,0,0,0,0,0,0,0,0,0,0,0,1,0.615384615
Troy,104.7,105.9,0.4676,51.4,50.2,18,16.6,26.9,28.9,33.6,31.6,52.1,49.7,33.7,34,69.4,-10.5,0,0,0,1,0,0,0,0,0,0,0,0,0,0,0,0,0,0,0,0,0,0,0,1,0.428571429
Ohio,99.9,101,0.4672,51,49.9,18,18.1,22.4,26.4,30.9,30.1,48.4,50.7,37.2,32.4,72.7,-10.9,0,0,0,1,0,0,0,0,0,0,0,0,0,0,0,0,0,0,0,0,0,0,0,1,0.466666667
Fort Wayne,106.9,108.2,0.4657,52.9,53.8,15.7,19.9,25.6,26.6,31.6,29.7,51.3,53.4,36.6,36.4,73.8,-8.2,0,0,0,1,0,0,0,0,0,0,0,0,0,0,0,0,0,0,0,0,0,0,0,1,0.6
Towson,104,105.5,0.4584,51.6,50.6,18.2,18.7,34.3,27.4,35.4,39.3,51.1,49.4,35.3,35,69,-9.1,0,0,0,1,0,0,0,0,0,0,0,0,0,0,0,0,0,0,0,0,0,0,0,1,0.322580645
UNC Asheville,105.1,106.7,0.4561,54.6,52.5,19.4,18.5,24,26.8,31.3,33.9,52,52.4,39.4,35.1,70.6,-6.2,0,0,0,1,0,0,0,0,0,0,0,0,0,0,0,0,0,0,0,0,0,0,0,1,0.142857143
Radford,101.3,102.8,0.4559,49.3,50.1,18.7,20.2,32,28,31.2,31.7,47.1,48.9,35,34.6,64.2,-6.5,0,0,0,0,0,1,0,0,0,0,0,0,0,0,0,0,0,0,0,0,0,0,1,0,0.733333333
Connecticut,104.1,105.8,0.4549,47.5,51.1,18.5,18.3,29.4,32.7,32.4,33.9,46.6,48.5,32.6,36.4,68.1,-7,0,0,0,1,0,0,0,0,0,0,0,0,0,0,0,0,0,0,0,0,0,0,0,1,0.484848485
North Dakota St.,103.3,104.9,0.4541,53.7,49.6,18.4,14.4,23,25.2,30.4,33.5,52.5,47.8,36.8,35.3,67.6,-10,0,0,0,1,0,0,0,0,0,0,0,0,0,0,0,0,0,0,0,0,0,0,0,1,0.575757576
Monmouth,102.7,104.3,0.4537,52.3,51.4,20.9,18.3,26.6,26.9,44.1,41.6,49.3,49.9,38.9,35.4,71.2,-13.7,0,0,0,1,0,0,0,0,0,0,0,0,0,0,0,0,0,0,0,0,0,0,0,1,0.4
Winthrop,104.8,106.6,0.4528,54.8,49.7,19.7,18.6,26.2,27.2,35.9,32.1,54.8,48.1,36.5,34.9,72.8,-7.6,0,0,0,1,0,0,0,0,0,0,0,0,0,0,0,0,0,0,0,0,0,0,0,1,0.666666667
Illinois Chicago,100.2,102,0.45,50.6,46.7,20.8,17.2,28.8,30.4,35.3,34.2,49.8,45.8,34.9,32.3,73.3,-10,0,0,0,1,0,0,0,0,0,0,0,0,0,0,0,0,0,0,0,0,0,0,0,1,0.533333333
Miami OH,100,101.9,0.4475,50.1,51.4,19.3,18.1,27.1,25.8,27,28.5,50,51.9,33.5,33.7,67.7,-10.5,0,0,0,1,0,0,0,0,0,0,0,0,0,0,0,0,0,0,0,0,0,0,0,1,0.5
Liberty,102.8,104.7,0.447,52.8,51.4,18.2,18.2,22.9,20.4,33.7,34.4,51.1,47.3,36.8,37.5,64.2,-9.7,0,0,0,1,0,0,0,0,0,0,0,0,0,0,0,0,0,0,0,0,0,0,0,1,0.878787879
Washington St.,107.5,109.5,0.4469,54.1,53.5,19.4,16.4,24.6,31.2,24.7,28.5,51.7,54.2,37.7,34.9,69.6,-9.9,0,0,0,1,0,0,0,0,0,0,0,0,0,0,0,0,0,0,0,0,0,0,0,1,0.34375
Duquesne,104.8,106.8,0.4469,49.7,50.8,17.6,18.4,33,28.9,35.4,36.4,47.8,51,35,33.5,67.3,-11,0,0,0,1,0,0,0,0,0,0,0,0,0,0,0,0,0,0,0,0,0,0,0,1,0.59375
Nicholls St.,101.8,103.8,0.4465,51.9,50.2,20.4,21.1,30.5,30.6,37.3,45.2,51.6,49.7,34.8,34.1,75.2,-6.3,0,0,0,1,0,0,0,0,0,0,0,0,0,0,0,0,0,0,0,0,0,0,0,1,0.518518519
Southeastern Louisiana,102.7,104.8,0.4426,51.2,49.6,19.6,20.3,29.5,33.6,35.3,29,50.9,48.4,34.4,34.6,67.2,-6.5,0,0,0,1,0,0,0,0,0,0,0,0,0,0,0,0,0,0,0,0,0,0,0,1,0.548387097
Hawaii,99.1,101.4,0.4328,50.1,49.9,19.5,19.9,26.3,24.5,40.8,38.7,50.9,50.1,32.5,33.1,69,-8.5,0,0,0,1,0,0,0,0,0,0,0,0,0,0,0,0,0,0,0,0,0,0,0,1,0.620689655
Western Michigan,105.3,108,0.4287,49.3,54.2,15.6,19.7,29.7,27.2,34.1,33.7,48,52.5,34.5,37.6,68.9,-9.5,0,0,0,1,0,0,0,0,0,0,0,0,0,0,0,0,0,0,0,0,0,0,0,1,0.258064516
Yale,102.5,105.2,0.4244,52.7,52.4,18.8,17.7,25.4,26.7,31,33.8,55.3,53.4,32.8,33.7,70.2,-8.3,0,0,0,1,0,0,0,0,0,0,0,0,0,0,0,0,0,0,0,0,0,0,0,1,0.75862069
Wagner,101.8,104.6,0.4236,49.8,49,19.7,20.4,35.8,28.6,34.2,46.7,47,45.8,36,36.2,68.8,-5.3,0,0,0,1,0,0,0,0,0,0,0,0,0,0,0,0,0,0,0,0,0,0,0,1,0.464285714
Long Beach St.,104.6,107.5,0.4208,49.6,53.7,20.7,18.7,32.2,30.4,40.3,28.6,48.4,52.5,35.1,37.5,73.1,-10.2,0,0,0,1,0,0,0,0,0,0,0,0,0,0,0,0,0,0,0,0,0,0,0,1,0.46875
Massachusetts,106.4,109.6,0.4157,52.5,51.5,18.6,16.5,27.2,29.7,25.1,33.2,47.9,51.2,40,34.7,67.6,-12.8,0,0,0,1,0,0,0,0,0,0,0,0,0,0,0,0,0,0,0,0,0,0,0,1,0.34375
Southern Miss,104.7,107.9,0.4139,50.3,56,14.6,19.8,20.5,29,28.3,32.9,49.8,55.1,34.1,38.1,66.3,-9.9,0,0,0,1,0,0,0,0,0,0,0,0,0,0,0,0,0,0,0,0,0,0,0,1,0.689655172
Denver,102,105.2,0.4133,52.4,51.3,21.8,15.7,30.6,24.9,32.8,37,49.2,52,39.5,33.5,67.5,-9.6,0,0,0,1,0,0,0,0,0,0,0,0,0,0,0,0,0,0,0,0,0,0,0,1,0.275862069
Milwaukee,99.2,102.5,0.4086,50.9,50.1,18.1,18,25.1,23.8,27.7,27.4,50.9,46.5,33.9,37.4,66.8,-10.9,0,0,0,1,0,0,0,0,0,0,0,0,0,0,0,0,0,0,0,0,0,0,0,1,0.3
Colgate,104.5,107.9,0.4084,51.5,53.2,16.4,19.4,25.6,27.6,29,29.4,49,51.8,36.3,36.7,67.6,-8.6,0,0,0,1,0,0,0,0,0,0,0,0,0,0,0,0,0,0,0,0,0,0,0,1,0.705882353
Appalachian St.,102.5,106.3,0.3985,49.9,51.3,18.9,17.2,29.5,25.6,36.8,36.6,49.9,48.7,33.3,37.9,71.2,-12.4,0,0,0,1,0,0,0,0,0,0,0,0,0,0,0,0,0,0,0,0,0,0,0,1,0.379310345
Idaho St.,104.2,108.1,0.394,55,52.5,18.5,16.7,19.8,28.1,34.5,31,52.4,53.1,39.4,34.3,69.2,-11.3,0,0,0,1,0,0,0,0,0,0,0,0,0,0,0,0,0,0,0,0,0,0,0,1,0.392857143
FIU,98.6,102.4,0.3927,47.1,50.6,15.6,19.8,25.9,27.4,36.5,34.8,47.2,50.6,31.3,33.7,69.9,-13,0,0,0,1,0,0,0,0,0,0,0,0,0,0,0,0,0,0,0,0,0,0,0,1,0.666666667
Lamar,101.1,105.1,0.3909,48.5,51.7,17.9,21.9,31.7,27.8,36.3,38.3,46.7,51.3,34.4,35,68.8,-9.7,0,0,0,1,0,0,0,0,0,0,0,0,0,0,0,0,0,0,0,0,0,0,0,1,0.689655172
Kent St.,101.7,105.8,0.3863,48.7,51.1,18.7,18,31.4,30.5,32.5,33.4,48.8,51.2,32.4,33.9,69.8,-10.5,0,0,0,1,0,0,0,0,0,0,0,0,0,0,0,0,0,0,0,0,0,0,0,1,0.709677419
George Mason,101.4,105.6,0.3854,49.1,52.1,18.2,16.1,27.9,26.7,31.8,30.8,49.1,51.5,32.6,35.3,70.1,-9.8,0,0,0,1,0,0,0,0,0,0,0,0,0,0,0,0,0,0,0,0,0,0,0,1,0.545454545
Coastal Carolina,101,105.2,0.3849,49,49.6,22,18,34.2,28.4,38.8,40.2,48.4,47.4,33.3,34.9,68.9,-13.1,0,0,0,1,0,0,0,0,0,0,0,0,0,0,0,0,0,0,0,0,0,0,0,1,0.53125
Texas St.,99.7,104.2,0.3765,48.8,51.7,20.9,19.4,31.9,27.7,36.3,30,48.4,53.1,33.1,33,64,-12.9,0,0,0,1,0,0,0,0,0,0,0,0,0,0,0,0,0,0,0,0,0,0,0,1,0.75
Louisiana Monroe,100.1,104.6,0.375,49.9,51.4,17.8,18.6,25.2,28.7,24.3,30.7,47,50.2,35.6,35.3,67.1,-9.5,0,0,0,1,0,0,0,0,0,0,0,0,0,0,0,0,0,0,0,0,0,0,0,1,0.558823529
South Alabama,96.8,101.2,0.3748,48.4,47.3,20.9,18.4,25.7,29.6,37.7,38,48.3,47.9,32.3,30.9,71.4,-12.4,0,0,0,1,0,0,0,0,0,0,0,0,0,0,0,0,0,0,0,0,0,0,0,1,0.53125
Fairfield,101,105.6,0.3743,51.4,52.5,17.4,18.8,24.4,27.1,30.9,36.8,51.8,49,33.9,39.3,71.6,-10.5,0,0,0,1,0,0,0,0,0,0,0,0,0,0,0,0,0,0,0,0,0,0,0,1,0.290322581
Columbia,107.9,113,0.3698,52.4,54.2,17.8,18.2,27,29.4,24.5,32,49.9,51.6,37.2,38.4,71.1,-13.6,0,0,0,1,0,0,0,0,0,0,0,0,0,0,0,0,0,0,0,0,0,0,0,1,0.384615385
Tennessee St.,96.3,101,0.3673,49.3,52.7,21.9,23.3,25.5,27.7,37.8,35.4,48.1,51.3,33.9,36.1,66.7,-9.5,0,0,0,1,0,0,0,0,0,0,0,0,0,0,0,0,0,0,0,0,0,0,0,1,0.321428571
Colorado St.,102,107,0.3659,47.5,53.7,18.8,17.4,30.6,28.1,33.8,35.9,46.4,53.7,33,35.8,71,-11.9,0,0,0,1,0,0,0,0,0,0,0,0,0,0,0,0,0,0,0,0,0,0,0,1,0.387096774
Stony Brook,96.1,100.9,0.3652,47.9,50.5,20,20.8,30.5,28.2,32,41.8,47.5,49.1,32.2,35.3,69.6,-12.7,0,0,0,1,0,0,0,0,0,0,0,0,0,0,0,0,0,0,0,0,0,0,0,1,0.75
Akron,102.4,107.5,0.3634,51.5,54.2,19.8,18.5,27,28.3,31.4,39.1,49.9,54.1,35.6,36.1,68.9,-12.1,0,0,0,1,0,0,0,0,0,0,0,0,0,0,0,0,0,0,0,0,0,0,0,1,0.548387097
Sam Houston St.,101,106.1,0.3629,48.2,51.8,18.8,20.1,32.5,27.4,34,37.6,47,53.1,33.7,33.3,68.1,-9.4,0,0,0,1,0,0,0,0,0,0,0,0,0,0,0,0,0,0,0,0,0,0,0,1,0.7
Saint Peter's,94.5,99.3,0.3625,49.2,48.4,19.6,21.3,27.1,28.9,27.3,42.3,48.1,47.8,33.7,32.9,63.9,-13,0,0,0,1,0,0,0,0,0,0,0,0,0,0,0,0,0,0,0,0,0,0,0,1,0.3125
Hartford,101.8,107,0.3602,52.7,51.1,18.1,18.1,24.9,28.5,31.2,33.4,53.6,50.8,34.4,34.4,67.7,-9,0,0,0,1,0,0,0,0,0,0,0,0,0,0,0,0,0,0,0,0,0,0,0,1,0.5625
Campbell,104.9,110.3,0.3602,54.6,52,17.2,17.3,20.8,26.5,34,32.5,52.6,51.8,38.1,34.8,68.9,-11.5,0,0,0,1,0,0,0,0,0,0,0,0,0,0,0,0,0,0,0,0,0,0,0,1,0.666666667
Air Force,99.8,105,0.3596,47.6,54.9,18.8,20.6,27.4,28.8,32,33.3,46.8,51.3,32.5,39.7,66.9,-11.8,0,0,0,1,0,0,0,0,0,0,0,0,0,0,0,0,0,0,0,0,0,0,0,1,0.451612903
Pittsburgh,98.2,103.3,0.3571,48.2,50.1,20.9,16.6,22.7,34.8,31.9,31.3,47.8,50.1,32.5,33.4,66.5,-10.9,0,0,0,1,0,0,0,0,0,0,0,0,0,0,0,0,0,0,0,0,0,0,0,1,0.424242424
Tennessee Tech,97.4,102.6,0.3558,49,51,19.8,20.3,28.2,30.1,37.7,36.6,47.5,51.6,34.5,33.4,72,-7.9,0,0,0,1,0,0,0,0,0,0,0,0,0,0,0,0,0,0,0,0,0,0,0,1,0.275862069
Navy,97.6,102.8,0.3551,49.6,53.2,21.3,21.3,31.7,22.2,36.2,34,50.2,51.8,32.3,36.8,66.8,-8.1,0,0,0,1,0,0,0,0,0,0,0,0,0,0,0,0,0,0,0,0,0,0,0,1,0.387096774
Central Arkansas,104.2,109.8,0.3542,51.7,50.9,18.3,19,27.2,33.1,36.1,37.9,50.7,49.4,35.6,36,73.9,-10.6,0,0,0,1,0,0,0,0,0,0,0,0,0,0,0,0,0,0,0,0,0,0,0,1,0.466666667
Lehigh,105.2,111,0.3511,52.9,52.4,17.4,16,25.3,26.8,25.8,30.7,47.7,53.1,40.6,34.3,71.9,-9.7,0,0,0,1,0,0,0,0,0,0,0,0,0,0,0,0,0,0,0,0,0,0,0,1,0.64516129
Manhattan,98.5,104,0.3501,51.6,50.1,22.7,21.5,31,32.1,37.6,41,46.8,49.1,40,34.5,67.1,-12.3,0,0,0,1,0,0,0,0,0,0,0,0,0,0,0,0,0,0,0,0,0,0,0,1,0.34375
Niagara,107.8,113.9,0.3486,50.8,52.6,15,15.5,30.9,31,38,29.5,49.2,50.2,35.8,38,74.7,-8.2,0,0,0,1,0,0,0,0,0,0,0,0,0,0,0,0,0,0,0,0,0,0,0,1,0.40625
James Madison,100.7,106.4,0.3462,48,52.8,16.5,18.5,28.9,28.2,34.1,42,46.7,50.9,33.5,37.2,69.1,-16.5,0,0,0,1,0,0,0,0,0,0,0,0,0,0,0,0,0,0,0,0,0,0,0,1,0.451612903
St. Francis PA,104.1,110.2,0.3424,52.8,53.6,16.5,18.6,25.7,31.1,33.5,23.4,51.2,53.8,37,35.5,69.7,-7.7,0,0,0,1,0,0,0,0,0,0,0,0,0,0,0,0,0,0,0,0,0,0,0,1,0.580645161
NJIT,99.1,105,0.341,49.8,53,18.5,20.3,30,28.6,32.9,33.7,48.1,51.9,35.3,36.9,68.4,-11.5,0,0,0,1,0,0,0,0,0,0,0,0,0,0,0,0,0,0,0,0,0,0,0,1,0.647058824
Bowling Green,101.4,107.4,0.3406,47.3,52.3,17.6,16.8,29.7,26.5,36.6,32,45.1,51.2,34.3,36.3,71.5,-10.8,0,0,0,1,0,0,0,0,0,0,0,0,0,0,0,0,0,0,0,0,0,0,0,1,0.6875
Loyola Marymount,106.2,112.6,0.3373,49.3,57.5,19.2,19.8,34.6,31.2,32.5,42.8,48.2,57.7,34.6,38.1,68,-12.3,0,0,0,1,0,0,0,0,0,0,0,0,0,0,0,0,0,0,0,0,0,0,0,1,0.6875
UNC Wilmington,104.3,110.6,0.3369,48.9,56.6,17.3,15.6,33.8,25.5,31.1,36.9,47.4,54.8,34.5,39.6,73.3,-14.9,0,0,0,1,0,0,0,0,0,0,0,0,0,0,0,0,0,0,0,0,0,0,0,1,0.3125
Delaware,101.8,108,0.3351,50.3,52.9,15.8,14.9,26,26.2,34.4,29.6,50.7,51.2,32.9,37,66.9,-13.8,0,0,0,1,0,0,0,0,0,0,0,0,0,0,0,0,0,0,0,0,0,0,0,1,0.548387097
Cal St. Bakersfield,96.6,102.5,0.335,46.5,50.5,20.7,19.2,30.7,28.7,34.7,44.7,47.5,48.5,29.8,35.5,66.8,-11.4,0,0,0,1,0,0,0,0,0,0,0,0,0,0,0,0,0,0,0,0,0,0,0,1,0.580645161
California,97.1,103.2,0.3301,44.5,54.5,20.8,19.7,34.8,30.6,38.1,38.4,45.1,51.6,28.6,39.4,69.9,-13.3,0,0,0,1,0,0,0,0,0,0,0,0,0,0,0,0,0,0,0,0,0,0,0,1,0.258064516
UTEP,96.8,103,0.3286,49.3,50.6,17.8,17.4,19,27,30.9,36.4,49,48.8,33.1,35.3,68.9,-13.7,0,0,0,1,0,0,0,0,0,0,0,0,0,0,0,0,0,0,0,0,0,0,0,1,0.296296296
Mount St. Mary's,102.8,109.5,0.3262,54.1,51.7,16.2,20.2,20.5,35.4,29.1,27.3,52.3,51.6,37.3,34.6,66,-10.1,0,0,0,1,0,0,0,0,0,0,0,0,0,0,0,0,0,0,0,0,0,0,0,1,0.310344828
Pepperdine,105.1,112,0.3236,49.5,57,17.2,15.5,28.5,26.4,35.2,33.5,48.8,54.7,34.2,40.1,68.6,-17.9,0,0,0,1,0,0,0,0,0,0,0,0,0,0,0,0,0,0,0,0,0,0,0,1,0.484848485
Oral Roberts,104.8,111.8,0.3222,48.9,54.2,19,15.3,35,30.9,24.3,31.2,47.7,53.9,34.2,36.5,66.7,-12,0,0,0,1,0,0,0,0,0,0,0,0,0,0,0,0,0,0,0,0,0,0,0,1,0.366666667
Eastern Illinois,99.4,106.1,0.3191,47.7,52,20.4,19.3,29.9,29.9,32.2,33.4,44.6,48.5,35.3,38.5,66.8,-13.2,0,0,0,1,0,0,0,0,0,0,0,0,0,0,0,0,0,0,0,0,0,0,0,1,0.451612903
Florida Atlantic,95.5,102,0.3187,43.9,49.2,18.2,16.6,28.5,27.5,29,32.6,42.3,49.1,31.9,32.9,70.2,-12.7,0,0,0,1,0,0,0,0,0,0,0,0,0,0,0,0,0,0,0,0,0,0,0,1,0.566666667
North Dakota,102,109,0.3181,51.8,56.4,17.4,19.7,19.8,29.5,35.5,34.1,51.4,56,35.1,38,72.9,-12.6,0,0,0,1,0,0,0,0,0,0,0,0,0,0,0,0,0,0,0,0,0,0,0,1,0.461538462
Cornell,104.8,112.2,0.3131,52.5,53.3,18.5,15.7,24.4,30.2,35.1,28.8,54,49.9,33.4,39.3,70.6,-10.9,0,0,0,1,0,0,0,0,0,0,0,0,0,0,0,0,0,0,0,0,0,0,0,1,0.517241379
Southern Utah,100.7,108.1,0.3062,50.4,54.6,17.4,16.6,22.6,25.9,35.9,41.6,48.2,53.2,36.1,38.2,72.8,-12.3,0,0,0,1,0,0,0,0,0,0,0,0,0,0,0,0,0,0,0,0,0,0,0,1,0.53125
Charleston Southern,99.9,107.3,0.3058,49,53.9,19.5,22.1,30.2,28.1,31.3,35.1,49,49.9,32.6,39.2,67.5,-11.5,0,0,0,1,0,0,0,0,0,0,0,0,0,0,0,0,0,0,0,0,0,0,0,1,0.6
Gardner Webb,97.6,104.8,0.305,49.1,50.4,20.1,17.1,25.2,27.3,28,37.3,48.1,50.8,34,33.2,69,-12.1,0,0,0,1,0,0,0,0,0,0,0,0,0,0,0,0,0,0,0,0,0,0,0,1,0.71875
Hampton,100.1,107.6,0.3037,48.8,48.9,16.9,16.9,28.7,29.7,33.8,35.7,49.1,48.2,32,33.3,72.8,-11.1,0,0,0,1,0,0,0,0,0,0,0,0,0,0,0,0,0,0,0,0,0,0,0,1,0.5625
Drexel,102.3,110.2,0.2981,49.6,52.2,17.3,15.6,30.8,30.7,31.8,30.6,50.2,51.1,32.2,36.3,70.1,-14.5,0,0,0,1,0,0,0,0,0,0,0,0,0,0,0,0,0,0,0,0,0,0,0,1,0.419354839
Boston University,99.3,107.1,0.2953,52.8,52.8,20.1,20.1,28.3,29.6,32.8,30,51.1,52.2,37.3,35.8,68.7,-11.6,0,0,0,1,0,0,0,0,0,0,0,0,0,0,0,0,0,0,0,0,0,0,0,1,0.46875
Elon,102.6,110.7,0.2943,52.3,52.5,16.7,14.2,21.7,28.9,24,23.6,52.5,50,34.7,37.1,68.5,-12,0,0,0,1,0,0,0,0,0,0,0,0,0,0,0,0,0,0,0,0,0,0,0,1,0.366666667
Southeast Missouri St.,107.2,115.6,0.2943,54.3,55.2,18.1,17.2,26.2,29.3,37.7,34.5,50.7,54.1,39.3,37.9,70.2,-12.3,0,0,0,1,0,0,0,0,0,0,0,0,0,0,0,0,0,0,0,0,0,0,0,1,0.344827586
LIU Brooklyn,101.9,109.9,0.2937,52.1,50,19.5,16.5,29.4,29.8,38.7,31.8,52.3,50.5,34.6,32.8,72.8,-13.2,0,0,0,0,0,0,1,0,0,0,0,0,0,0,0,0,0,0,0,0,0,0,1,0,0.516129032
Texas Southern,104.1,112.4,0.293,50.5,51.2,17.2,16.2,28.5,32.5,42.9,31.2,48.5,49.4,35.9,36.6,72.6,-10.9,0,0,0,0,0,1,0,0,0,0,0,0,0,0,0,0,0,0,0,0,0,0,1,0,0.666666667
High Point,98.5,106.5,0.2907,49.3,50.1,19.1,20.4,30.9,28.9,34.1,40.1,47.6,48.8,35.9,34.8,66.8,-12.4,0,0,0,1,0,0,0,0,0,0,0,0,0,0,0,0,0,0,0,0,0,0,0,1,0.551724138
Brown,101,109.2,0.2899,48.5,54.4,18.4,19.3,29.4,26.7,40.4,40,48.6,53.9,32.1,37,72.7,-11.6,0,0,0,1,0,0,0,0,0,0,0,0,0,0,0,0,0,0,0,0,0,0,0,1,0.666666667
Montana St.,101.9,110.3,0.2875,47.8,54.9,17.1,18.4,28.7,27.7,39,36.4,46.1,55.9,33.8,35.5,70.8,-13.8,0,0,0,1,0,0,0,0,0,0,0,0,0,0,0,0,0,0,0,0,0,0,0,1,0.483870968
Green Bay,99.8,108,0.2863,48.6,50.9,18.6,17.8,25.6,30.9,32.3,31.4,44.7,51.7,36.2,33.1,73.2,-14.4,0,0,0,1,0,0,0,0,0,0,0,0,0,0,0,0,0,0,0,0,0,0,0,1,0.583333333
Portland,98.9,107.2,0.2856,50.6,52.4,18.1,15.8,19.2,31.4,34.6,33.5,46.5,51.7,38.3,35.7,68.3,-14.4,0,0,0,1,0,0,0,0,0,0,0,0,0,0,0,0,0,0,0,0,0,0,0,1,0.233333333
Northern Illinois,102.1,110.6,0.2844,49.5,54.3,17,17.4,28.2,28.8,33.1,33.4,49.8,54.6,32.6,36,68.3,-13,0,0,0,1,0,0,0,0,0,0,0,0,0,0,0,0,0,0,0,0,0,0,0,1,0.53125
South Florida,98.9,107.6,0.2749,48,51.1,21.4,16.5,28.8,30.6,33.1,32.6,44.8,52,36.1,33,65.8,-14.9,0,0,0,1,0,0,0,0,0,0,0,0,0,0,0,0,0,0,0,0,0,0,0,1,0.648648649
UMKC,98.3,107.3,0.2674,47.8,52.5,18.2,20,21.3,33.5,34.4,42.5,45.6,51.7,33.5,36,70.7,-14.2,0,0,0,1,0,0,0,0,0,0,0,0,0,0,0,0,0,0,0,0,0,0,0,1,0.35483871
New Hampshire,98,107,0.2671,46.3,50.8,17.4,13.7,28.4,21.4,30.5,41.5,44.3,50.6,32.6,34.1,66.7,-16,0,0,0,1,0,0,0,0,0,0,0,0,0,0,0,0,0,0,0,0,0,0,0,1,0.185185185
Arkansas St.,104.1,113.7,0.2646,49.4,56,18.6,18.8,30.2,31.3,33.1,35.3,49.2,55.3,33.2,38.2,70.8,-15.2,0,0,0,1,0,0,0,0,0,0,0,0,0,0,0,0,0,0,0,0,0,0,0,1,0.433333333
Army,99,108.2,0.2638,52.3,52.4,18.8,19.7,27.1,27.6,24.5,38.1,48.8,51.1,38.1,36.2,71.5,-13.5,0,0,0,1,0,0,0,0,0,0,0,0,0,0,0,0,0,0,0,0,0,0,0,1,0.419354839
Robert Morris,93.2,102.1,0.2596,47.4,50.5,20.9,22.3,31.2,31.2,34.3,36.2,45.9,51.1,33.2,32.8,70.6,-11.8,0,0,0,1,0,0,0,0,0,0,0,0,0,0,0,0,0,0,0,0,0,0,0,1,0.545454545
Rice,98.9,108.4,0.2585,48,52.6,20.7,16.5,27.6,28.4,35.2,28.5,48,51.7,32.1,36,68.9,-17.4,0,0,0,1,0,0,0,0,0,0,0,0,0,0,0,0,0,0,0,0,0,0,0,1,0.433333333
Holy Cross,97.7,107.2,0.2569,52.6,51,19.1,20,19.3,31.9,29.7,34,55.1,49.4,32.6,35.4,64,-15,0,0,0,1,0,0,0,0,0,0,0,0,0,0,0,0,0,0,0,0,0,0,0,1,0.484848485
Santa Clara,99,108.6,0.2557,48.6,56.6,17.2,18.9,23.7,27.1,30.2,32.4,47.1,55.1,33.8,40,65.7,-12.5,0,0,0,1,0,0,0,0,0,0,0,0,0,0,0,0,0,0,0,0,0,0,0,1,0.533333333
UMass Lowell,103.5,113.7,0.2528,52.1,55.4,18.7,20.3,26.3,32.5,39.2,33.5,52.4,55,34.4,37.5,72.6,-14.1,0,0,0,1,0,0,0,0,0,0,0,0,0,0,0,0,0,0,0,0,0,0,0,1,0.5
North Florida,107.1,117.9,0.2496,53.6,54,19.3,13.7,25,35,27.7,23.5,51.5,54.3,37.5,35.4,75.1,-10.9,0,0,0,1,0,0,0,0,0,0,0,0,0,0,0,0,0,0,0,0,0,0,0,1,0.516129032
Western Illinois,96.4,106.1,0.2487,49.9,51.2,18.6,14.5,18,27.2,28.3,29.3,48.6,48.9,34.9,36.6,69.2,-11,0,0,0,1,0,0,0,0,0,0,0,0,0,0,0,0,0,0,0,0,0,0,0,1,0.344827586
Quinnipiac,100.8,111,0.2485,50.3,53.6,19.4,16.3,27.8,28.5,37,30.1,49.8,50.2,33.9,39.6,67.7,-16.3,0,0,0,1,0,0,0,0,0,0,0,0,0,0,0,0,0,0,0,0,0,0,0,1,0.516129032
Prairie View A&M,100.1,110.2,0.2483,48.9,52.7,18.5,22.5,31.3,32.8,39.2,47.9,49.2,54.4,32.3,33.2,72.1,-11.7,0,0,0,1,0,0,0,0,0,0,0,0,0,0,0,0,0,0,0,0,0,0,0,1,0.647058824
Abilene Christian,96.5,106.6,0.2423,50.4,51.4,20.3,21.6,27.3,29.7,31.5,43.2,51.9,52.3,31.8,33.2,69.8,-11.3,0,0,0,1,0,0,0,0,0,0,0,0,0,0,0,0,0,0,0,0,0,0,0,1,0.9
IUPUI,97.6,108,0.2375,48,54.6,20.5,21.2,31.9,29.3,32.9,37.8,45.2,55.6,35.5,35.3,67.3,-13.5,0,0,0,1,0,0,0,0,0,0,0,0,0,0,0,0,0,0,0,0,0,0,0,1,0.516129032
Lafayette,101.4,112.2,0.2368,53.3,52,19.3,14.7,21,27.2,28.8,26,51.4,52.2,37.4,34.4,69.4,-16.8,0,0,0,1,0,0,0,0,0,0,0,0,0,0,0,0,0,0,0,0,0,0,0,1,0.344827586
Fairleigh Dickinson,101.7,112.7,0.2334,49.8,51.6,19.2,19.3,30.3,35,30.8,35.9,49.3,50.1,33.9,36,71.7,-13.1,0,0,0,1,0,0,0,0,0,0,0,0,0,0,0,0,0,0,0,0,0,0,0,1,0.636363636
Eastern Kentucky,101.1,112.2,0.2315,49.8,55.3,19.1,19.1,27.1,31.9,33.4,35,48.2,52.9,35.1,39.8,69.4,-14.3,0,0,0,1,0,0,0,0,0,0,0,0,0,0,0,0,0,0,0,0,0,0,0,1,0.448275862
UT Rio Grande Valley,97.4,108.3,0.2285,44.8,51.5,17.8,20.4,28.2,30.3,41.2,45.5,44.3,49.9,30.5,36.5,75.1,-10.8,0,0,0,1,0,0,0,0,0,0,0,0,0,0,0,0,0,0,0,0,0,0,0,1,0.571428571
Nebraska Omaha,103,114.6,0.2275,51.3,55.8,18,15.7,24.9,30.7,27.3,28.2,50,54.7,35.8,38.4,71.7,-13.9,0,0,0,1,0,0,0,0,0,0,0,0,0,0,0,0,0,0,0,0,0,0,0,1,0.677419355
Morehead St.,98,109.2,0.2243,48.2,55.2,22.1,19.9,31,29.9,36.7,40.9,48.5,56,31.8,36,69.9,-14.7,0,0,0,1,0,0,0,0,0,0,0,0,0,0,0,0,0,0,0,0,0,0,0,1,0.419354839
Cleveland St.,97.9,109.2,0.2234,50.6,53,18.9,19.5,22.1,32.9,29.4,31.1,50.4,52.5,34,35.9,68.2,-16.7,0,0,0,1,0,0,0,0,0,0,0,0,0,0,0,0,0,0,0,0,0,0,0,1,0.344827586
Fordham,94.1,104.9,0.2223,47.9,52.3,18.5,21.1,18.8,32.8,26.9,30.4,52.1,52.1,28.8,35.1,67.2,-14.9,0,0,0,1,0,0,0,0,0,0,0,0,0,0,0,0,0,0,0,0,0,0,0,1,0.387096774
New Orleans,97,108.1,0.2222,48.8,53.2,21.9,22.3,32.6,30.9,41.5,38.3,47.3,51.6,35.6,37.6,67.1,-10.7,0,0,0,1,0,0,0,0,0,0,0,0,0,0,0,0,0,0,0,0,0,0,0,1,0.655172414
UC Riverside,92.8,103.5,0.2216,45.1,49.1,20,19.3,26.8,31.8,32.4,38.2,44.1,48.5,31.3,33.3,69.5,-16.2,0,0,0,1,0,0,0,0,0,0,0,0,0,0,0,0,0,0,0,0,0,0,0,1,0.333333333
McNeese St.,99.2,111,0.2155,48.8,49.8,19,15.2,29.3,33.3,32.7,31.5,47.3,48.4,34.6,35,71,-12.6,0,0,0,1,0,0,0,0,0,0,0,0,0,0,0,0,0,0,0,0,0,0,0,1,0.333333333
Tennessee Martin,94.3,105.6,0.2149,49.8,50.7,21.6,19,28.5,32,24.1,34.1,50.7,48.9,32.2,35.1,67.4,-15.9,0,0,0,1,0,0,0,0,0,0,0,0,0,0,0,0,0,0,0,0,0,0,0,1,0.413793103
San Jose St.,95.5,106.9,0.213,48.6,53.2,23.6,14.9,27.8,24.8,34.2,30.8,46.2,53.3,36.2,35.4,68.3,-18.5,0,0,0,1,0,0,0,0,0,0,0,0,0,0,0,0,0,0,0,0,0,0,0,1,0.133333333
Sacramento St.,98.6,110.5,0.2122,49,52.7,17.9,17.5,24.1,29.5,27.8,33.4,47.7,50.9,34.6,37.2,66.9,-18.6,0,0,0,1,0,0,0,0,0,0,0,0,0,0,0,0,0,0,0,0,0,0,0,1,0.535714286
Samford,106.5,119.4,0.211,54.4,57.7,19.1,18.7,24.7,34.8,30.8,28.5,53.3,58.3,37.2,38,71.9,-15.3,0,0,0,1,0,0,0,0,0,0,0,0,0,0,0,0,0,0,0,0,0,0,0,1,0.53125
Siena,96.1,107.8,0.209,48.2,50.9,21.7,15.6,31.4,29,36.4,42.1,44.7,50.1,36.7,34.9,67.3,-18.6,0,0,0,1,0,0,0,0,0,0,0,0,0,0,0,0,0,0,0,0,0,0,0,1,0.515151515
Little Rock,93.4,105,0.2063,47.4,50.8,21.7,19.9,28.3,31.2,32.1,40.5,47.3,49.4,31.8,35.1,66.2,-18,0,0,0,1,0,0,0,0,0,0,0,0,0,0,0,0,0,0,0,0,0,0,0,1,0.344827586
Bethune Cookman,98.6,110.9,0.2062,49.5,48.6,20.3,17.6,32.9,30.5,41.2,38.2,51,47.6,31.2,33.6,76.9,-11.4,0,0,0,1,0,0,0,0,0,0,0,0,0,0,0,0,0,0,0,0,0,0,0,1,0.482758621
Binghamton,96.1,108.2,0.203,49.7,51.6,18.3,17,25.9,26.7,30,32.4,48.1,48.2,34.8,38.7,67.4,-16,0,0,0,1,0,0,0,0,0,0,0,0,0,0,0,0,0,0,0,0,0,0,0,1,0.322580645
SIU Edwardsville,98.8,111.3,0.2029,47.8,54.1,19.4,17.5,29.3,29.4,33,45.9,47.2,53.5,32.4,36.8,70.5,-15.3,0,0,0,1,0,0,0,0,0,0,0,0,0,0,0,0,0,0,0,0,0,0,0,1,0.344827586
Dartmouth,96.9,109.5,0.1968,51.4,54.4,20,18.1,23.9,27.2,32.8,25.6,49.7,55.5,36,35.1,67.9,-15.4,0,0,0,1,0,0,0,0,0,0,0,0,0,0,0,0,0,0,0,0,0,0,0,1,0.392857143
East Carolina,96.2,108.7,0.1968,48.3,51.5,20.6,17.3,27.8,32.5,28.7,31.1,49.6,50.6,30.5,35.3,70.1,-13.5,0,0,0,1,0,0,0,0,0,0,0,0,0,0,0,0,0,0,0,0,0,0,0,1,0.322580645
Youngstown St.,101.1,114.5,0.1931,47.6,58.7,19.4,19.4,34.7,29.9,28.4,39.8,46.5,57.4,33.2,40.8,72.4,-17.9,0,0,0,1,0,0,0,0,0,0,0,0,0,0,0,0,0,0,0,0,0,0,0,1,0.4
Central Connecticut,97,109.9,0.1926,51,51.2,21.8,16.6,31.1,28.3,32.6,30.1,51.8,48.9,32.9,36.4,65.9,-13.8,0,0,0,1,0,0,0,0,0,0,0,0,0,0,0,0,0,0,0,0,0,0,0,1,0.379310345
Sacred Heart,95.6,108.4,0.1908,48.5,50.9,21.5,14.6,32.5,22.6,30,33,50.3,50.9,29.9,33.9,69.6,-16.9,0,0,0,1,0,0,0,0,0,0,0,0,0,0,0,0,0,0,0,0,0,0,0,1,0.483870968
Chattanooga,98.3,111.5,0.19,50.1,55.3,20.6,19.2,26.6,27.8,34.6,27.9,48.6,55.8,34.8,36.2,66.7,-17.5,0,0,0,1,0,0,0,0,0,0,0,0,0,0,0,0,0,0,0,0,0,0,0,1,0.413793103
Marist,98.5,111.8,0.1891,52.7,52.6,21.7,14.8,22.6,29.8,35.8,29.8,53,50.8,34.9,36.9,70.5,-20.2,0,0,0,1,0,0,0,0,0,0,0,0,0,0,0,0,0,0,0,0,0,0,0,1,0.387096774
St. Francis NY,97.6,111,0.1851,48.7,53.2,17.7,20.9,26.2,31.9,30.4,45.1,46.4,54.1,34.6,34.1,70.3,-14.6,0,0,0,1,0,0,0,0,0,0,0,0,0,0,0,0,0,0,0,0,0,0,0,1,0.548387097
The Citadel,100.8,114.7,0.1849,49.1,56.8,18.7,19.6,27.4,33.7,32.7,30.4,47.9,57.4,33.4,37.3,78.9,-14.9,0,0,0,1,0,0,0,0,0,0,0,0,0,0,0,0,0,0,0,0,0,0,0,1,0.444444444
Kennesaw St.,98.3,111.9,0.1845,49.4,54.2,19.2,18.8,29.6,33.6,35,32.9,47.5,56.8,36.9,32.8,69.5,-14.5,0,0,0,1,0,0,0,0,0,0,0,0,0,0,0,0,0,0,0,0,0,0,0,1,0.166666667
Stetson,97.8,111.3,0.1841,48.9,54.6,14.9,18.5,23.2,27.5,25,37,48.7,53.6,32.9,37.4,71,-16.1,0,0,0,1,0,0,0,0,0,0,0,0,0,0,0,0,0,0,0,0,0,0,0,1,0.24137931
Western Carolina,95,108.1,0.1838,46.8,54.4,21.7,21,29,32.7,31.8,36.1,45.3,54.3,33,36.3,70.8,-11.7,0,0,0,1,0,0,0,0,0,0,0,0,0,0,0,0,0,0,0,0,0,0,0,1,0.225806452
Grambling St.,93.2,106.4,0.1789,45.6,49.1,21,20.2,32,30.5,40.7,42.9,44.5,50,32.6,31.7,73,-10,0,0,0,1,0,0,0,0,0,0,0,0,0,0,0,0,0,0,0,0,0,0,0,1,0.548387097
Norfolk St.,94.6,108.3,0.1732,49.4,50,21.1,20.2,31.6,29.8,31.3,43.1,46.1,47.3,37,35.7,70,-13,0,0,0,1,0,0,0,0,0,0,0,0,0,0,0,0,0,0,0,0,0,0,0,1,0.666666667
Charlotte,98.7,113,0.1727,48.3,54.7,20.6,17.6,26.2,28.8,38.9,31.7,46.5,54.2,34.6,37.1,72.4,-16.9,0,0,0,1,0,0,0,0,0,0,0,0,0,0,0,0,0,0,0,0,0,0,0,1,0.275862069
Savannah St.,99.7,114.3,0.1709,48.1,56.6,16.7,20.9,26.7,35.8,29.3,30.8,51.5,58,30.2,36.2,83.4,-9.6,0,0,0,1,0,0,0,0,0,0,0,0,0,0,0,0,0,0,0,0,0,0,0,1,0.366666667
Detroit,101.6,116.7,0.1696,49.1,56.7,18.2,17.2,27,31.4,31.1,37.5,48.5,54.1,33.3,40.6,73.8,-18,0,0,0,1,0,0,0,0,0,0,0,0,0,0,0,0,0,0,0,0,0,0,0,1,0.35483871
Loyola MD,95.7,110,0.167,47.8,54.4,18.9,18.7,29.1,26.4,33.3,40.4,48.1,54,31.3,36.8,69.7,-17.4,0,0,0,1,0,0,0,0,0,0,0,0,0,0,0,0,0,0,0,0,0,0,0,1,0.34375
American,96.5,111.1,0.1649,50.7,54.8,20.4,20.4,23.8,31.4,30.4,40.7,50.7,53.6,33.8,38.3,67.6,-19,0,0,0,1,0,0,0,0,0,0,0,0,0,0,0,0,0,0,0,0,0,0,0,1,0.5
Texas A&M Corpus Chris,93.7,107.9,0.1637,48.1,52.3,23,21.2,28.8,29.3,37,46.1,46.7,51.6,34.4,35.5,69,-14,0,0,0,1,0,0,0,0,0,0,0,0,0,0,0,0,0,0,0,0,0,0,0,1,0.5
Jacksonville,93.6,107.9,0.1636,49,51.9,19.2,17.8,25.9,29.7,30,28.4,48.8,53.3,33,33,69.7,-13.1,0,0,0,1,0,0,0,0,0,0,0,0,0,0,0,0,0,0,0,0,0,0,0,1,0.4
North Carolina A&T,96.8,111.9,0.1585,51.2,51.5,19.5,18,27.8,28.6,37.5,31.5,54.3,52.5,30.3,33.1,70.1,-10.3,0,0,0,1,0,0,0,0,0,0,0,0,0,0,0,0,0,0,0,0,0,0,0,1,0.633333333
North Carolina Central,95,110.3,0.1522,50.4,48.5,20.8,16.8,32.9,29.7,30.3,34.3,51.3,48.1,32.3,32.8,66.4,-12,0,0,0,0,0,0,1,0,0,0,0,0,0,0,0,0,0,0,0,0,0,0,1,0,0.580645161
Cal St. Northridge,97.3,113.2,0.1498,47.7,52.6,18.3,16.4,23.3,32.7,28.3,32.8,45.9,51.7,34.7,36.3,67,-19.3,0,0,0,1,0,0,0,0,0,0,0,0,0,0,0,0,0,0,0,0,0,0,0,1,0.393939394
Houston Baptist,99.2,115.4,0.1491,46,56.1,18.8,18.8,34,31.2,35.5,38.6,44.4,54.2,32.8,39.7,74.6,-18.9,0,0,0,1,0,0,0,0,0,0,0,0,0,0,0,0,0,0,0,0,0,0,0,1,0.428571429
Morgan St.,95.4,111.2,0.1467,45.6,51.9,18.7,20.5,33.5,30.7,39.3,41.7,44.8,51.9,32,34.6,70,-15.8,0,0,0,1,0,0,0,0,0,0,0,0,0,0,0,0,0,0,0,0,0,0,0,1,0.321428571
Southern,93.5,109.4,0.1415,44.3,48.8,19.3,17.4,32.9,30.1,41.5,37.6,42.3,47.1,33.2,34.5,69.1,-13.3,0,0,0,1,0,0,0,0,0,0,0,0,0,0,0,0,0,0,0,0,0,0,0,1,0.225806452
USC Upstate,105.1,123,0.1413,50.1,59.5,16.1,15,27,30.8,21.6,36.1,49.3,56.7,34.1,43.1,70.1,-19.5,0,0,0,1,0,0,0,0,0,0,0,0,0,0,0,0,0,0,0,0,0,0,0,1,0.172413793
Maine,91,107.2,0.1328,46,51.4,21.8,18.1,25.5,30.7,29.2,36.7,47.1,51.3,29.6,34.4,72.2,-20.2,0,0,0,1,0,0,0,0,0,0,0,0,0,0,0,0,0,0,0,0,0,0,0,1,0.161290323
Cal Poly,96.3,113.6,0.1296,46.6,53.2,17.4,16.3,24.7,29.6,26.7,34.6,41.5,49.8,35.8,40.1,67.4,-16.8,0,0,0,1,0,0,0,0,0,0,0,0,0,0,0,0,0,0,0,0,0,0,0,1,0.222222222
Northern Arizona,92.2,108.9,0.1295,44.9,55.3,22,19,27,29.5,42.6,37,44.5,52.6,30.5,39.4,70.2,-19.2,0,0,0,1,0,0,0,0,0,0,0,0,0,0,0,0,0,0,0,0,0,0,0,1,0.322580645
Arkansas Pine Bluff,92.7,110.2,0.1208,49.6,49.2,20.6,22.7,23.4,37.8,36.6,44.7,49.7,49.1,32.9,32.9,68.8,-16.3,0,0,0,1,0,0,0,0,0,0,0,0,0,0,0,0,0,0,0,0,0,0,0,1,0.419354839
Presbyterian,96.5,115.3,0.1144,49,55.3,18.8,17.8,24.9,30,28,29.3,46.8,55.5,34.6,36.7,64.6,-16.2,0,0,0,1,0,0,0,0,0,0,0,0,0,0,0,0,0,0,0,0,0,0,0,1,0.606060606
VMI,89.3,106.7,0.114,45.7,52.1,21.4,18.8,25.4,30.3,27.7,34.2,43.7,52.1,32.3,34.6,70.1,-15.8,0,0,0,1,0,0,0,0,0,0,0,0,0,0,0,0,0,0,0,0,0,0,0,1,0.379310345
Incarnate Word,94.5,113.9,0.1047,47.6,52.5,23.2,17.7,26.9,35.4,41.1,33.8,45.4,50.6,34.6,37.6,70.6,-16.5,0,0,0,1,0,0,0,0,0,0,0,0,0,0,0,0,0,0,0,0,0,0,0,1,0.222222222
Alcorn St.,94.4,114.4,0.0992,48.3,52.1,20.8,17.9,27.1,33.1,33.7,40.1,47.8,50.4,32.7,36.3,69.2,-16.4,0,0,0,1,0,0,0,0,0,0,0,0,0,0,0,0,0,0,0,0,0,0,0,1,0.37037037
Jackson St.,89.2,108.2,0.0977,43,51.8,17.3,21.4,30.7,31.7,24.9,46.6,39.3,51.5,32.8,34.9,64.9,-16,0,0,0,1,0,0,0,0,0,0,0,0,0,0,0,0,0,0,0,0,0,0,0,1,0.433333333
Howard,98.4,119.4,0.0976,48.8,53.4,18,18.8,28.9,34.9,34.5,38.3,46.7,53.7,34.9,35.3,71.4,-18.6,0,0,0,1,0,0,0,0,0,0,0,0,0,0,0,0,0,0,0,0,0,0,0,1,0.548387097
Bryant,98.3,119.8,0.0936,47.9,57.6,18.2,17.9,26.2,34.1,27.8,33,45.5,55.4,34.4,40.5,71.3,-23,0,0,0,1,0,0,0,0,0,0,0,0,0,0,0,0,0,0,0,0,0,0,0,1,0.333333333
Longwood,89.4,109.2,0.0911,46.3,52.4,23,17.6,22.7,30.5,35.3,34.2,45.8,53.2,31.5,34.1,70.3,-21.2,0,0,0,1,0,0,0,0,0,0,0,0,0,0,0,0,0,0,0,0,0,0,0,1,0.516129032
Alabama St.,94.3,115.9,0.0858,46.5,51.9,19.9,18.3,31.9,34.7,35.2,46.6,45.2,49.4,32.8,37.7,70.2,-18.2,0,0,0,1,0,0,0,0,0,0,0,0,0,0,0,0,0,0,0,0,0,0,0,1,0.413793103
South Carolina St.,96.1,119.2,0.0779,46.7,56.5,18.5,18.9,29.4,32.8,35.9,33.6,45.7,57.8,32.7,36.3,71.9,-17.3,0,0,0,1,0,0,0,0,0,0,0,0,0,0,0,0,0,0,0,0,0,0,0,1,0.25
Chicago St.,94.9,118,0.0756,44.6,59.1,20.9,18.2,25.5,34.6,31.6,41.2,43.6,57.9,31.4,40.6,73.4,-20.3,0,0,0,1,0,0,0,0,0,0,0,0,0,0,0,0,0,0,0,0,0,0,0,1,0.1
Northwestern St.,88.2,109.9,0.0743,44.3,54.1,24.7,19.1,32.4,34.5,33.2,40.1,44.9,53.1,28.3,37.2,70.5,-18.1,0,0,0,1,0,0,0,0,0,0,0,0,0,0,0,0,0,0,0,0,0,0,0,1,0.392857143
Florida A&M,94.2,117.7,0.0723,47.2,53.6,19.5,18.7,27.5,36.5,32.1,36.2,44.8,54.4,35.1,34.8,68.4,-19.1,0,0,0,1,0,0,0,0,0,0,0,0,0,0,0,0,0,0,0,0,0,0,0,1,0.413793103
Coppin St.,86.2,109.7,0.0585,43.3,49.2,20.5,17.9,22.3,31.9,27.1,37.6,41,48.3,30.5,33.7,68.7,-20.9,0,0,0,1,0,0,0,0,0,0,0,0,0,0,0,0,0,0,0,0,0,0,0,1,0.242424242
Mississippi Valley St.,89.6,114.5,0.0564,42.6,54.9,19.1,19.6,30.4,31.1,29.1,39.2,41.6,54.6,30.1,36.8,69.9,-22.5,0,0,0,1,0,0,0,0,0,0,0,0,0,0,0,0,0,0,0,0,0,0,0,1,0.193548387
Maryland Eastern Shore,90.1,117.5,0.045,43.1,54.7,19.4,16,28.2,34.7,29.7,31.8,44.3,54.3,27.5,36.8,66.4,-19.3,0,0,0,1,0,0,0,0,0,0,0,0,0,0,0,0,0,0,0,0,0,0,0,1,0.233333333
Alabama A&M,87.6,115,0.0419,45,54,24.2,16.6,30,32.5,31.4,29.8,44.8,52.3,30.3,38.4,67.5,-23,0,0,0,1,0,0,0,0,0,0,0,0,0,0,0,0,0,0,0,0,0,0,0,1,0.15625
Delaware St.,90.3,119.2,0.0391,47.3,55.9,22.8,18.2,29.3,33.7,28.5,35.7,46.1,53.8,33.2,38.9,66.2,-24.1,0,0,0,1,0,0,0,0,0,0,0,0,0,0,0,0,0,0,0,0,0,0,0,1,0.206896552