Income,Kidhome,Teenhome,Age,Response
58138.0,0,0,63,1
46344.0,1,1,66,0
71613.0,0,0,55,0
26646.0,1,0,36,0
58293.0,1,0,39,0
62513.0,0,1,53,0
55635.0,0,1,49,0
33454.0,1,0,35,0
30351.0,1,0,46,1
5648.0,1,1,70,0
7500.0,0,0,44,0
63033.0,0,0,61,0
59354.0,1,1,68,0
17323.0,0,0,33,0
82800.0,0,0,74,1
41850.0,1,1,40,0
37760.0,0,0,74,0
76995.0,0,1,71,0
33812.0,1,0,35,0
37040.0,0,0,38,0
2447.0,1,0,41,0
58607.0,0,1,71,0
65324.0,0,1,66,0
40689.0,0,1,69,0
18589.0,0,0,51,0
53359.0,1,1,44,0
38360.0,1,0,31,0
84618.0,0,0,55,0
10979.0,0,0,31,0
38620.0,0,0,57,0
40548.0,0,1,50,0
46610.0,0,2,68,1
68657.0,0,0,74,0
49389.0,1,1,69,0
67353.0,0,1,50,0
23718.0,1,0,44,0
42429.0,0,1,47,0
48948.0,0,0,77,1
80011.0,0,1,40,0
20559.0,1,0,35,0
21994.0,0,1,63,0
7500.0,1,0,45,0
79941.0,0,0,44,0
7500.0,0,0,24,1
41728.0,1,0,52,0
72550.0,1,1,66,0
65486.0,0,1,63,0
79143.0,0,0,56,0
35790.0,1,0,43,0
82582.0,0,0,43,1
66373.0,1,1,42,0
82384.0,0,0,65,1
70287.0,0,0,54,1
27938.0,1,0,32,0
55954.0,0,1,52,0
75777.0,0,0,38,1
66653.0,1,1,45,0
61823.0,0,1,68,0
67680.0,0,1,69,0
70666.0,0,0,72,0
25721.0,1,0,49,1
32474.0,1,1,53,0
88194.0,0,1,41,1
69096.0,0,1,62,0
74854.0,1,2,50,0
66991.0,0,0,66,0
65031.0,0,1,61,0
60631.0,1,1,45,0
28332.0,0,0,68,0
40246.0,1,0,43,0
75251.0,0,0,48,1
75825.0,0,0,44,1
26326.0,0,0,44,0
56046.0,0,0,55,1
29760.0,1,0,35,0
26304.0,1,0,51,0
23559.0,1,0,47,0
38620.0,0,0,57,0
81361.0,0,0,33,0
29440.0,1,1,60,0
36138.0,1,1,50,0
50388.0,0,1,63,1
79593.0,0,0,47,0
54178.0,0,1,53,0
42394.0,1,0,48,0
23626.0,1,0,50,0
30096.0,1,0,37,0
47916.0,0,1,60,0
51813.0,1,1,48,0
78497.0,0,0,69,0
50150.0,0,0,37,0
47823.0,0,1,60,0
34554.0,0,1,61,0
85693.0,0,1,41,0
65846.0,0,0,75,0
87195.0,0,0,61,1
24594.0,1,0,41,0
49096.0,1,1,56,0
52413.0,0,2,51,0
38557.0,1,0,42,0
89058.0,0,0,60,0
77298.0,0,1,41,0
68126.0,0,0,29,1
57288.0,0,1,57,0
86037.0,0,0,29,1
43974.0,1,0,40,0
50785.0,1,1,58,0
90765.0,0,0,50,0
36550.0,1,0,42,0
30753.0,1,1,53,0
21918.0,1,0,51,0
56129.0,0,1,67,0
32557.0,1,0,53,1
19510.0,2,0,35,0
30992.0,1,0,44,0
101970.0,0,0,37,1
71488.0,0,0,55,0
79607.0,0,0,36,1
54348.0,1,1,67,0
77376.0,1,1,64,0
62998.0,0,1,68,0
61331.0,1,1,62,0
73448.0,0,0,51,0
41551.0,1,1,56,0
62981.0,0,0,53,0
9548.0,1,0,44,0
33762.0,2,1,61,0
35860.0,1,1,47,1
36921.0,1,1,55,0
92859.0,0,0,28,0
65104.0,0,1,44,1
86111.0,0,0,58,0
68352.0,0,1,46,0
41883.0,1,0,32,0
59809.0,0,2,44,0
23957.0,1,0,45,1
38547.0,1,0,39,0
35688.0,2,1,47,0
49605.0,0,0,54,0
59354.0,0,2,67,0
65747.0,0,1,51,0
46344.0,0,1,48,0
34176.0,1,0,32,0
61010.0,0,1,68,0
69372.0,0,0,71,1
49967.0,0,1,62,0
60199.0,1,2,42,0
55375.0,0,1,43,0
80317.0,0,0,65,0
30523.0,2,1,62,0
70356.0,0,0,75,0
23228.0,1,0,36,0
74165.0,0,0,45,0
43482.0,2,1,54,0
62551.0,0,0,67,0
52332.0,0,0,61,0
66951.0,0,0,32,0
26091.0,1,1,63,0
33456.0,1,1,55,0
28718.0,1,0,38,0
50447.0,2,0,50,0
53537.0,1,1,61,0
52074.0,0,1,53,0
80427.0,0,1,45,0
83837.0,0,0,72,1
38853.0,1,1,50,0
38285.0,2,1,61,0
78497.0,0,0,69,0
51650.0,0,1,44,0
16248.0,1,0,32,0
66835.0,0,0,74,0
30477.0,1,0,36,0
28249.0,0,0,59,0
25271.0,1,0,37,0
32303.0,0,1,50,0
61286.0,0,1,54,0
74068.0,0,0,44,0
45759.0,1,1,56,0
24882.0,1,0,42,0
66973.0,0,0,31,0
38872.0,1,0,32,0
51148.0,1,1,47,0
31353.0,1,1,43,0
69661.0,0,0,40,0
80067.0,0,0,66,0
86718.0,0,0,66,0
46854.0,1,1,47,1
69142.0,0,1,68,0
75922.0,0,0,52,0
63693.0,0,1,42,0
102160.0,0,0,43,1
40637.0,1,1,55,0
18890.0,0,0,36,1
29604.0,1,0,32,0
48721.0,1,1,57,0
44794.0,0,1,54,0
64497.0,0,1,66,1
46097.0,0,1,64,0
77972.0,0,0,66,0
44377.0,1,1,52,0
46014.0,1,1,46,0
70951.0,0,0,35,0
41443.0,1,0,43,0
52195.0,2,1,42,0
83790.0,0,0,72,0
44551.0,0,1,66,0
69508.0,1,0,40,0
45204.0,1,0,32,0
72460.0,0,0,51,0
77622.0,0,2,50,0
30732.0,1,0,40,0
63887.0,0,1,58,0
42011.0,1,0,42,0
51369.0,0,1,44,0
51537.0,0,1,68,0
79930.0,0,0,48,0
34320.0,1,0,34,0
37070.0,1,1,54,1
81975.0,0,1,58,0
38590.0,1,0,49,0
15033.0,0,0,69,0
62745.0,0,1,55,0
22212.0,1,0,45,0
23661.0,1,0,38,0
79761.0,0,1,62,0
7500.0,1,0,47,0
73455.0,0,0,52,0
64961.0,0,1,62,0
22804.0,1,0,49,0
73687.0,0,0,30,1
61074.0,0,1,62,0
31686.0,1,1,56,0
80134.0,1,0,48,1
75027.0,0,1,67,0
67546.0,0,0,32,0
65176.0,0,1,51,0
31160.0,1,0,45,0
29938.0,1,0,35,0
102692.0,0,0,46,1
26490.0,0,0,62,0
75702.0,1,1,53,0
30899.0,1,0,46,0
63342.0,0,1,59,0
45989.0,0,1,56,0
18701.0,1,1,56,0
40737.0,2,1,63,0
15287.0,1,0,41,1
69674.0,0,2,52,0
44159.0,1,0,50,0
37717.0,1,0,42,0
43776.0,1,1,68,1
38179.0,1,1,54,0
80124.0,0,0,57,0
38097.0,1,1,50,1
72940.0,0,0,50,0
22070.0,1,0,50,0
69267.0,0,0,67,1
31788.0,1,0,37,0
61905.0,0,1,45,0
29315.0,1,1,60,0
33378.0,1,1,57,0
66313.0,0,1,57,0
60714.0,0,0,64,1
77882.0,0,0,39,0
69867.0,0,0,34,1
63841.0,0,1,52,0
24480.0,1,0,39,0
51369.0,0,1,44,0
37760.0,0,0,74,0
65640.0,0,1,46,0
44319.0,1,1,45,0
30631.0,1,0,46,0
75278.0,0,0,68,0
50898.0,1,1,64,0
79946.0,0,0,54,0
35416.0,0,0,71,0
32414.0,0,0,36,0
38361.0,1,0,51,0
82497.0,0,0,40,0
16626.0,2,0,49,0
29672.0,1,1,55,0
55951.0,0,1,68,0
35388.0,1,0,32,0
42386.0,1,0,34,0
68627.0,0,0,38,0
57912.0,0,1,55,0
35246.0,1,1,62,0
58821.0,0,1,64,0
46377.0,1,0,42,0
39747.0,1,0,32,0
23976.0,1,0,36,0
80950.0,0,0,59,0
27038.0,0,0,54,1
77457.0,0,0,73,0
64100.0,0,1,56,0
42670.0,0,0,28,0
12571.0,1,0,44,0
22574.0,2,1,53,0
70893.0,0,0,44,0
54198.0,1,1,54,0
28839.0,1,1,64,0
40321.0,1,1,48,0
66503.0,1,0,35,0
30833.0,1,1,69,0
64795.0,0,1,49,0
34421.0,1,0,46,0
47025.0,1,1,55,0
64325.0,0,1,59,0
40464.0,0,1,67,0
62187.0,0,0,63,0
14849.0,1,0,44,0
27255.0,1,0,36,0
54432.0,2,1,70,0
29999.0,1,0,34,0
24072.0,1,0,37,0
33996.0,0,0,31,0
66334.0,0,1,64,1
35178.0,1,0,49,1
22010.0,1,0,37,0
62204.0,0,2,60,0
75693.0,0,0,52,1
30675.0,1,0,48,0
83003.0,0,0,55,1
68655.0,0,0,32,0
41411.0,0,0,34,0
55212.0,0,1,51,0
59292.0,0,1,70,0
27190.0,1,0,47,1
82623.0,0,0,68,0
44300.0,1,1,55,0
84835.0,0,0,50,1
30372.0,1,1,49,0
33181.0,1,0,44,0
71113.0,0,1,63,0
71952.0,1,0,34,0
69759.0,0,0,54,1
72099.0,0,0,46,0
60000.0,0,1,44,0
38643.0,1,1,42,0
50737.0,0,1,65,0
68462.0,0,0,51,0
65073.0,0,0,77,0
46681.0,0,2,72,0
78618.0,0,0,63,0
62187.0,0,1,51,0
28442.0,2,0,42,0
37717.0,1,0,42,0
51479.0,1,1,53,0
54803.0,0,1,51,0
79530.0,0,0,60,0
31615.0,1,0,44,0
72025.0,0,0,58,0
52614.0,0,1,45,0
35684.0,1,0,36,0
48178.0,1,1,45,0
29548.0,1,0,50,0
63810.0,0,1,54,0
38578.0,1,1,48,1
46098.0,1,1,45,0
22585.0,0,0,50,1
30279.0,1,0,31,0
66426.0,0,1,59,0
30822.0,1,0,51,0
33581.0,2,0,51,0
19986.0,1,0,35,0
27421.0,0,0,66,0
35688.0,2,1,47,0
36143.0,1,0,39,0
10245.0,1,0,49,0
43795.0,0,1,52,1
63381.0,0,1,60,0
38823.0,0,1,71,0
83664.0,1,1,52,0
90300.0,0,0,41,0
62499.0,1,0,41,0
74293.0,0,0,27,0
51012.0,0,0,74,0
70777.0,0,1,52,0
68682.0,0,0,29,0
43824.0,1,1,49,0
15345.0,1,0,36,1
23442.0,1,0,33,0
14515.0,1,0,40,1
31395.0,1,1,64,0
75276.0,0,0,55,0
42373.0,1,1,46,0
30507.0,0,0,60,0
55521.0,1,2,65,1
48006.0,1,1,55,0
27213.0,1,0,48,1
65808.0,1,1,49,0
30351.0,1,0,46,0
50437.0,0,2,57,0
23616.0,1,0,38,1
53858.0,0,1,44,0
66465.0,0,1,65,0
46923.0,1,0,33,0
75072.0,0,1,58,0
75865.0,0,0,77,0
19789.0,1,0,45,0
80134.0,0,0,26,0
91065.0,0,0,39,1
49505.0,1,1,49,0
37401.0,1,0,47,0
30096.0,1,0,37,0
18492.0,1,0,38,0
82584.0,0,0,46,1
93027.0,0,0,79,0
48686.0,1,2,67,0
92910.0,0,0,34,0
75433.0,1,0,31,0
10404.0,1,0,31,0
61314.0,0,1,52,0
84865.0,0,0,59,1
42387.0,1,0,31,0
67309.0,1,1,53,0
75236.0,0,1,56,0
30015.0,1,0,50,0
50943.0,0,1,64,0
67272.0,0,1,54,0
51529.0,0,1,71,0
32011.0,1,0,49,0
7500.0,1,0,34,0
28691.0,1,0,31,0
56223.0,0,1,72,0
18100.0,0,0,74,0
30279.0,1,0,31,0
20130.0,0,0,46,0
23295.0,0,0,61,0
42618.0,1,0,48,0
81246.0,0,0,56,0
24027.0,1,0,44,0
55707.0,0,1,67,0
57959.0,0,1,65,0
56796.0,0,1,51,0
36230.0,1,0,49,0
70829.0,1,1,40,0
65991.0,0,1,44,0
38988.0,1,2,48,0
89572.0,0,0,54,1
42207.0,1,0,36,1
50300.0,0,1,68,0
66664.0,0,0,38,0
60597.0,0,1,56,1
70165.0,0,0,71,0
50520.0,0,1,62,0
80124.0,0,0,57,0
33183.0,1,0,45,0
66582.0,0,0,51,0
75261.0,0,0,65,1
31880.0,1,0,50,0
53790.0,0,2,69,0
49269.0,1,0,49,0
61456.0,0,1,45,0
37406.0,1,0,40,1
56937.0,1,0,39,1
38415.0,1,1,42,0
20518.0,1,0,32,0
62503.0,0,1,64,0
41644.0,1,1,48,0
55842.0,0,1,43,0
62010.0,0,1,48,0
41124.0,1,0,43,0
38961.0,1,0,47,0
37760.0,1,0,48,0
32233.0,1,0,46,1
43057.0,0,1,45,0
83151.0,0,0,60,0
78825.0,0,0,56,1
65104.0,0,1,44,0
60093.0,0,1,46,0
14045.0,1,0,51,0
28457.0,0,0,68,0
78952.0,0,1,62,0
46310.0,1,0,44,0
76005.0,0,0,65,0
58308.0,0,1,56,0
55614.0,0,0,76,0
59432.0,0,1,58,0
55563.0,0,1,42,0
78642.0,0,1,49,0
67911.0,0,1,71,0
65275.0,0,0,76,0
27203.0,1,1,70,0
48330.0,0,1,59,0
24279.0,0,0,30,0
64355.0,1,0,35,0
50943.0,0,1,64,0
53653.0,0,0,67,0
65665.0,0,1,44,0
81217.0,0,0,31,0
34935.0,0,0,28,0
61250.0,0,1,61,0
39665.0,1,0,39,0
60152.0,0,1,41,0
48920.0,0,2,56,0
89120.0,0,0,61,0
44124.0,0,1,74,0
81169.0,0,0,45,0
36443.0,1,1,59,0
26095.0,1,0,30,0
71367.0,0,0,61,0
80184.0,0,0,76,0
30630.0,1,1,55,0
73454.0,0,0,33,0
42691.0,0,0,29,0
70503.0,0,0,67,0
25545.0,1,0,33,1
32880.0,1,0,34,0
77863.0,0,0,62,0
50353.0,0,0,43,0
61839.0,0,0,56,0
49154.0,1,1,60,0
47682.0,0,1,45,0
72679.0,0,1,51,0
57954.0,1,1,43,0
65316.0,1,1,58,0
28567.0,1,0,38,0
47352.0,0,1,69,0
44931.0,0,1,53,0
76982.0,0,0,53,1
57247.0,0,1,68,0
22944.0,1,0,39,0
25315.0,1,0,43,0
43638.0,0,1,51,0
42710.0,1,0,36,0
84169.0,0,0,38,1
54058.0,0,1,44,0
24683.0,1,0,30,0
85620.0,0,0,56,1
47850.0,1,0,40,0
19514.0,1,1,52,1
27159.0,1,1,47,0
39548.0,1,1,57,0
21474.0,1,0,31,1
60504.0,0,1,49,0
22419.0,0,0,57,0
81698.0,0,0,71,1
43462.0,1,1,68,0
54880.0,1,0,42,0
79908.0,0,0,38,0
15315.0,0,0,50,0
87771.0,0,1,61,1
33039.0,1,0,42,0
81741.0,0,0,40,0
71499.0,0,1,49,0
62466.0,0,1,50,0
48799.0,0,1,57,0
52157.0,0,1,70,0
66565.0,0,1,58,0
29298.0,1,1,69,0
47691.0,0,1,41,0
38200.0,1,1,50,0
44989.0,0,1,46,0
38443.0,1,1,52,0
38593.0,1,0,42,0
64413.0,0,1,50,0
36959.0,1,0,39,0
61996.0,0,1,43,1
51287.0,1,1,52,0
13260.0,1,1,50,0
47472.0,1,1,54,0
54603.0,1,1,64,0
45207.0,1,1,46,0
40689.0,0,1,69,0
47821.0,1,1,53,0
27450.0,0,0,69,0
39453.0,1,0,37,0
26850.0,1,1,49,0
79800.0,0,0,65,1
61794.0,0,1,59,0
53863.0,0,1,65,0
24221.0,0,0,61,0
39684.0,1,0,36,1
92163.0,0,0,45,1
69882.0,0,0,55,0
33178.0,1,0,43,0
59973.0,0,0,48,0
17459.0,1,0,45,1
23910.0,1,0,51,0
42169.0,1,1,51,0
26224.0,1,0,42,0
31089.0,1,0,39,0
30081.0,0,1,59,0
62807.0,0,1,60,0
72906.0,0,0,65,0
61467.0,0,2,72,0
49618.0,1,1,54,0
21888.0,1,0,34,1
42429.0,0,1,47,0
26150.0,2,1,64,0
30801.0,0,1,45,0
81168.0,0,0,55,0
26877.0,0,0,51,0
45006.0,0,0,76,0
18978.0,1,0,47,0
22574.0,2,1,53,0
48240.0,0,0,51,1
45837.0,1,1,46,0
35791.0,2,1,55,0
54162.0,1,1,42,0
30522.0,0,1,60,0
54456.0,0,1,59,0
31632.0,0,0,49,0
72298.0,0,0,71,0
36975.0,1,0,42,0
72635.0,0,0,65,0
13624.0,1,0,44,0
84196.0,0,1,45,0
70971.0,0,1,60,1
34487.0,1,1,43,0
28769.0,1,0,43,0
69084.0,1,0,50,0
65488.0,0,0,62,0
62466.0,0,1,50,0
32218.0,0,0,60,1
83917.0,0,0,47,1
46102.0,2,1,58,0
84574.0,0,0,68,0
56181.0,0,1,58,0
63120.0,0,1,70,1
73691.0,0,1,49,0
63381.0,0,1,60,0
76140.0,0,0,72,0
62859.0,0,1,61,0
45906.0,0,1,56,0
77632.0,0,0,73,1
46463.0,1,1,49,0
105471.0,0,0,50,1
55282.0,1,0,50,0
78710.0,0,1,43,0
66886.0,0,1,62,0
98777.0,0,0,60,0
29103.0,1,0,35,0
67445.0,0,1,46,0
50616.0,0,1,70,0
49431.0,0,1,65,0
61278.0,0,1,67,0
26490.0,0,0,62,0
73059.0,0,1,73,0
46734.0,1,2,54,0
56253.0,0,1,57,0
19986.0,1,0,35,0
58330.0,0,1,45,0
25965.0,0,0,40,0
14661.0,0,0,64,0
18690.0,0,0,61,0
45068.0,0,1,46,0
21063.0,1,0,33,0
29187.0,1,0,52,0
54690.0,1,1,49,0
59304.0,0,1,56,0
59247.0,0,2,58,0
66731.0,0,1,50,0
77353.0,0,1,40,0
52614.0,0,1,45,0
26751.0,2,0,46,0
81300.0,0,1,57,1
70337.0,0,0,41,0
36145.0,1,0,35,1
65295.0,0,0,40,0
68118.0,0,1,57,0
68743.0,0,0,53,0
41039.0,0,0,38,0
38946.0,0,1,65,0
65777.0,0,0,53,0
66476.0,0,1,44,0
86857.0,0,0,48,1
77845.0,0,0,31,0
69476.0,0,0,51,0
50611.0,0,1,60,1
61209.0,0,0,50,0
42315.0,0,1,62,0
13084.0,0,0,68,0
47570.0,1,1,71,1
61923.0,0,2,59,0
34824.0,0,0,25,0
26518.0,1,1,71,1
45938.0,0,0,59,0
78468.0,0,0,60,0
78901.0,0,1,47,0
71427.0,2,0,42,0
71022.0,0,1,42,0
90247.0,0,0,32,1
41335.0,1,0,52,0
71952.0,1,0,34,0
35682.0,1,0,50,0
43185.0,0,1,69,0
66375.0,0,1,72,0
35178.0,1,0,49,1
25252.0,1,0,34,0
55250.0,0,1,55,0
33249.0,1,0,45,0
58398.0,0,0,67,0
50272.0,1,0,38,0
76618.0,0,0,45,0
87305.0,0,0,60,1
25851.0,1,0,42,0
58710.0,0,1,50,0
45160.0,1,1,62,0
74806.0,0,1,55,0
59111.0,0,0,66,0
18988.0,1,0,36,0
72190.0,0,0,55,0
7500.0,1,0,44,1
44794.0,0,1,54,0
80395.0,0,0,65,0
75012.0,0,0,44,0
56962.0,2,1,55,0
89891.0,0,0,29,0
35946.0,1,1,71,0
53593.0,1,1,67,0
66373.0,1,1,42,0
45072.0,1,2,72,0
89694.0,1,1,47,0
72025.0,0,0,71,1
67432.0,0,1,47,0
70545.0,0,1,68,0
17487.0,1,0,31,0
62882.0,0,1,51,0
64108.0,0,1,67,0
34941.0,1,1,64,0
48767.0,1,2,70,0
38702.0,1,0,42,0
82224.0,0,0,56,0
83844.0,0,0,68,0
17003.0,1,0,45,0
71163.0,0,0,25,0
33697.0,1,0,50,0
63564.0,0,0,66,1
83443.0,0,0,48,0
51518.0,0,1,62,0
58330.0,0,1,45,0
80952.0,0,0,51,1
75507.0,0,0,41,0
63855.0,0,0,42,0
62220.0,0,1,48,1
58512.0,0,1,56,0
40662.0,1,0,41,0
38829.0,0,1,61,0
35523.0,1,0,39,0
79146.0,1,1,53,0
78285.0,0,0,32,0
31626.0,1,0,42,1
75127.0,0,0,68,0
48726.0,0,1,65,0
74985.0,0,0,43,0
67430.0,0,0,33,0
46891.0,0,1,55,0
62058.0,0,1,64,0
72063.0,0,1,41,0
78939.0,0,0,69,0
42720.0,1,1,55,1
33622.0,1,1,48,0
6835.0,0,1,63,0
41452.0,1,1,67,0
40760.0,0,1,55,0
74250.0,0,0,62,0
51124.0,1,1,65,0
72258.0,0,1,49,0
71466.0,0,0,46,0
36283.0,1,1,44,0
20587.0,1,0,50,0
30467.0,1,0,48,0
31590.0,1,0,48,0
20425.0,1,0,34,0
17144.0,1,1,60,0
42564.0,0,1,52,1
43783.0,1,0,42,0
40780.0,0,1,44,0
62847.0,0,0,75,0
82017.0,0,0,63,1
16813.0,0,0,70,0
51267.0,1,1,42,0
46524.0,0,1,59,0
45183.0,0,0,58,0
70421.0,0,1,66,0
60161.0,0,1,55,0
73926.0,0,0,47,0
19329.0,1,0,52,0
61872.0,0,1,50,0
46984.0,1,1,64,0
34838.0,1,1,69,0
82716.0,0,0,76,0
48192.0,0,0,62,1
49681.0,0,2,44,0
56850.0,0,1,49,0
55267.0,0,1,63,0
59666.0,1,1,48,0
72504.0,0,1,48,0
26872.0,0,0,39,0
21359.0,1,0,48,1
73170.0,0,0,45,0
52750.0,0,1,65,0
91820.0,0,0,34,0
65968.0,0,1,50,0
30772.0,1,1,44,0
22507.0,0,0,66,0
65685.0,0,1,48,0
25804.0,1,0,42,0
76412.0,0,0,40,1
22063.0,1,0,48,0
57091.0,0,0,59,1
22419.0,0,0,57,0
87771.0,0,1,61,1
78353.0,0,1,61,0
93404.0,1,2,66,0
37859.0,1,2,58,0
80995.0,0,1,62,0
16529.0,1,0,36,0
55412.0,1,1,44,0
48789.0,0,0,28,0
56575.0,0,2,53,0
25130.0,1,0,40,0
35441.0,1,1,53,0
71391.0,0,1,64,0
49494.0,1,0,48,0
81702.0,0,0,40,0
45889.0,0,1,40,0
56628.0,0,1,43,0
34026.0,1,1,70,0
40049.0,0,1,46,0
34176.0,1,0,32,0
19419.0,1,0,39,0
82504.0,0,0,60,0
81205.0,0,0,50,1
61618.0,0,0,29,0
55284.0,0,1,64,0
49980.0,0,1,57,0
15072.0,2,0,40,0
49166.0,0,1,46,0
65324.0,0,1,66,0
82347.0,0,0,63,0
30843.0,1,1,54,0
46374.0,0,1,46,1
60474.0,0,1,41,0
38576.0,0,1,47,0
55357.0,2,0,35,0
37758.0,1,1,54,0
85710.0,0,0,31,0
23228.0,1,0,51,0
44602.0,1,1,51,0
7500.0,0,0,33,0
38683.0,1,0,31,0
49514.0,1,0,45,0
57906.0,0,1,47,0
43456.0,0,1,54,0
19485.0,2,0,34,0
53172.0,0,1,42,0
30545.0,1,0,41,0
70123.0,0,0,37,0
62450.0,0,1,61,0
21675.0,1,0,44,0
42395.0,1,1,39,0
61346.0,1,0,42,0
80812.0,0,0,67,0
42835.0,1,1,49,0
39922.0,1,0,37,0
86424.0,0,0,64,0
17117.0,1,0,42,0
24762.0,1,0,48,1
35797.0,0,1,45,0
36627.0,2,0,45,0
51111.0,1,1,39,0
86857.0,0,0,48,1
82072.0,0,0,50,0
46231.0,2,1,67,0
42243.0,1,1,61,0
51195.0,1,1,58,0
68092.0,0,0,42,0
31814.0,1,0,47,0
51390.0,1,1,55,0
76630.0,0,0,37,0
26868.0,1,0,29,0
48948.0,0,0,77,1
55260.0,0,1,48,0
64090.0,0,1,64,1
78331.0,0,1,62,0
37087.0,1,0,46,0
21846.0,1,0,34,0
81320.0,0,0,62,0
54137.0,0,1,50,0
66825.0,0,0,53,0
57100.0,0,0,47,0
58917.0,1,2,51,0
85072.0,0,0,43,0
86429.0,0,0,59,1
45684.0,1,0,49,0
47889.0,1,0,46,0
45921.0,0,0,34,0
78420.0,0,0,54,0
75114.0,0,0,28,0
52278.0,0,1,57,1
35641.0,1,0,48,1
95529.0,0,0,26,1
62820.0,0,0,66,0
73113.0,0,0,60,0
84169.0,0,0,38,1
42607.0,0,1,66,0
74637.0,0,0,66,0
46015.0,1,1,65,0
72354.0,0,0,27,0
39858.0,1,0,51,1
34469.0,1,1,72,0
83033.0,1,0,34,0
24401.0,0,0,41,0
77583.0,0,0,42,0
74116.0,0,0,38,0
74293.0,0,0,27,0
68397.0,0,1,44,0
79632.0,0,0,46,0
46107.0,1,0,31,0
64950.0,0,1,69,0
25443.0,1,0,31,0
75127.0,0,0,68,0
32892.0,1,0,49,0
71796.0,0,0,49,0
67536.0,0,1,50,0
55239.0,0,1,49,0
60554.0,1,0,45,0
64831.0,1,1,68,0
56067.0,0,1,58,0
82025.0,0,0,37,1
94384.0,0,0,67,1
14906.0,0,0,34,0
51563.0,0,0,33,0
57937.0,0,1,38,0
68274.0,1,1,41,0
39771.0,1,0,43,0
67893.0,0,1,45,0
27922.0,1,0,41,0
52190.0,1,1,44,0
44051.0,1,1,47,1
42767.0,2,0,49,0
46106.0,1,1,44,0
16927.0,1,1,44,0
59754.0,0,1,55,1
53700.0,0,1,68,0
59041.0,1,1,47,0
54237.0,0,1,63,0
70647.0,0,1,53,0
52597.0,0,1,58,0
41021.0,1,0,51,1
40233.0,0,1,45,0
50183.0,1,1,40,0
54753.0,0,1,61,0
92955.0,0,0,47,1
33471.0,1,0,47,0
34596.0,1,0,46,1
44010.0,1,0,40,0
84219.0,0,0,32,0
40706.0,2,1,52,0
15716.0,1,0,32,0
59052.0,0,1,61,0
80573.0,0,0,49,0
83715.0,0,0,58,0
82576.0,0,0,61,0
56962.0,2,1,55,0
35704.0,1,1,68,0
53103.0,0,1,66,0
46779.0,1,1,60,0
4861.0,0,0,55,0
33462.0,1,0,41,0
63693.0,0,1,42,0
80763.0,0,0,70,1
65352.0,0,1,46,0
82170.0,0,0,42,0
75759.0,0,0,51,1
79689.0,0,0,44,0
35340.0,1,1,64,0
85683.0,0,0,66,1
24884.0,1,0,48,0
42021.0,1,0,39,0
64449.0,1,0,31,0
64587.0,1,1,66,0
34824.0,0,0,25,0
75437.0,0,0,42,0
26091.0,1,1,63,0
52845.0,1,0,47,0
46086.0,0,1,64,0
78028.0,0,1,64,1
95169.0,0,0,33,1
56337.0,1,1,39,1
22434.0,1,0,33,0
36930.0,0,1,66,0
36130.0,0,1,66,1
65569.0,0,1,67,0
83844.0,0,0,68,0
19514.0,1,1,52,0
36736.0,1,1,57,0
77568.0,0,1,41,0
49187.0,0,1,44,0
30168.0,1,0,42,0
34053.0,0,1,52,0
38196.0,1,1,49,0
59412.0,0,0,69,0
70924.0,0,0,55,0
54165.0,0,0,51,0
32300.0,1,0,47,0
20180.0,0,0,44,0
34961.0,1,0,47,0
28440.0,1,0,46,0
64504.0,1,2,67,1
33564.0,0,1,54,0
17345.0,1,0,42,0
56320.0,0,1,53,0
28647.0,1,0,42,1
15038.0,1,0,33,0
32173.0,0,1,62,0
68316.0,0,1,56,0
74538.0,0,0,49,1
91700.0,0,0,49,1
68695.0,0,0,51,0
31056.0,1,0,43,0
79593.0,0,0,47,0
28071.0,0,0,40,0
37334.0,1,1,62,0
46423.0,1,1,48,0
37126.0,1,0,49,1
47703.0,0,1,67,0
61180.0,0,1,61,0
38998.0,1,1,66,0
8028.0,0,0,29,0
76081.0,0,0,58,0
34728.0,1,0,34,1
33168.0,0,1,55,0
33585.0,0,1,54,0
77037.0,0,1,60,0
35196.0,1,0,36,1
44529.0,0,1,54,0
70924.0,0,0,55,0
28764.0,1,1,54,0
69098.0,0,0,71,0
25959.0,1,1,50,1
27100.0,1,0,37,0
70596.0,0,0,35,0
42557.0,0,1,46,0
53312.0,0,0,69,0
72228.0,0,0,68,0
67605.0,0,0,33,0
62845.0,1,1,71,0
65196.0,0,2,62,0
42000.0,0,0,33,1
35860.0,1,1,47,0
65526.0,0,1,56,0
16860.0,1,1,59,0
83528.0,0,0,28,1
64176.0,0,1,55,0
22304.0,0,0,64,0
67023.0,0,0,42,0
32892.0,1,0,49,0
70713.0,0,1,54,0
59925.0,0,1,65,0
39722.0,0,1,67,0
46610.0,0,0,62,0
88347.0,0,0,59,0
87171.0,0,0,39,0
26907.0,1,1,44,0
50014.0,1,0,52,0
41014.0,1,0,42,0
66294.0,0,0,55,0
36715.0,1,0,49,1
79456.0,0,0,64,1
40479.0,1,0,38,0
75345.0,0,0,50,1
54233.0,0,1,43,0
24163.0,1,1,50,0
84460.0,0,0,62,1
43776.0,1,0,37,0
71691.0,0,0,62,1
85844.0,0,0,47,0
39190.0,1,0,46,0
71367.0,0,0,61,0
38578.0,1,1,48,0
57236.0,1,1,55,0
61825.0,0,1,41,0
79803.0,0,1,62,0
80910.0,0,0,34,0
27590.0,1,0,38,0
56775.0,0,1,41,0
83829.0,0,0,45,1
54210.0,0,1,41,0
38508.0,1,0,34,0
53187.0,1,0,50,0
30023.0,1,0,48,0
76045.0,0,0,60,0
50870.0,0,1,68,0
15315.0,0,0,50,0
65463.0,1,0,46,0
66480.0,1,1,55,0
76773.0,0,0,66,0
81698.0,0,0,37,1
54466.0,1,1,47,0
98777.0,0,0,60,0
16269.0,1,0,36,0
71819.0,0,1,49,0
33569.0,1,0,37,1
36262.0,0,0,37,1
22634.0,0,0,54,0
47025.0,0,1,42,0
70566.0,0,1,52,0
31605.0,1,0,41,0
52034.0,1,1,47,0
48526.0,1,0,41,0
46734.0,0,1,66,0
39552.0,1,1,58,1
86358.0,1,1,54,0
46931.0,2,1,43,0
16581.0,0,0,35,0
63998.0,0,0,68,1
67381.0,0,1,69,0
25930.0,1,1,53,0
42693.0,1,0,42,0
85606.0,0,1,44,0
72903.0,0,0,35,1
49669.0,1,0,46,0
36778.0,1,1,52,0
85696.0,0,0,58,1
10979.0,0,0,31,0
49678.0,0,1,59,0
56129.0,0,1,67,0
37155.0,1,0,31,0
21282.0,1,0,42,0
33419.0,0,1,58,0
63285.0,0,0,75,0
21255.0,1,0,46,0
42162.0,1,0,39,1
54450.0,1,1,64,0
57744.0,0,1,66,0
26576.0,1,0,34,1
57513.0,0,0,77,0
68142.0,0,1,56,0
7500.0,0,1,41,0
83145.0,0,0,46,1
54197.0,0,1,60,0
23091.0,1,1,57,0
46049.0,1,1,44,1
56715.0,0,0,46,0
79410.0,0,0,59,0
57304.0,0,1,69,0
44375.0,0,1,55,0
54450.0,1,1,64,0
59594.0,0,1,55,0
80685.0,0,0,26,0
40344.0,0,1,46,0
62710.0,0,1,48,0
48985.0,0,1,52,0
35322.0,1,2,52,0
77142.0,0,0,72,0
81657.0,0,0,51,0
14421.0,0,0,24,0
20130.0,0,0,46,0
74214.0,0,0,30,0
66726.0,1,1,63,0
23724.0,1,0,41,0
47353.0,0,1,60,0
33444.0,1,1,68,0
54386.0,0,1,39,0
28510.0,1,1,39,0
90638.0,0,0,29,0
48070.0,0,1,70,0
43140.0,0,1,63,0
54959.0,0,1,59,1
15056.0,1,1,62,0
26954.0,1,0,49,0
22327.0,1,0,35,0
44393.0,1,1,55,0
62000.0,0,1,68,0
31497.0,0,1,58,0
45894.0,0,2,46,0
78579.0,0,0,50,1
67369.0,0,1,51,1
58401.0,0,1,60,0
62307.0,0,1,68,0
43641.0,1,1,51,0
63841.0,0,1,52,0
46891.0,0,1,55,0
70091.0,1,0,51,0
78075.0,0,0,48,0
59184.0,0,1,59,0
54809.0,1,1,43,0
58113.0,0,1,61,0
51412.0,0,1,62,0
15287.0,1,0,41,1
66636.0,0,0,63,0
50965.0,0,1,64,0
84618.0,0,0,55,0
18351.0,0,0,30,0
40451.0,0,2,63,0
36317.0,0,1,55,0
42213.0,0,1,63,0
65748.0,0,1,65,0
77044.0,0,1,48,0
74918.0,0,0,51,0
56721.0,1,1,48,0
42160.0,1,1,45,1
61559.0,0,1,55,0
33629.0,1,1,57,0
68682.0,0,0,29,0
34377.0,0,1,57,0
8940.0,1,0,34,0
26228.0,1,0,47,0
77297.0,0,0,63,0
40211.0,1,1,39,0
33438.0,1,1,62,0
75032.0,0,1,61,0
61284.0,0,0,65,0
22518.0,1,0,34,1
54730.0,0,1,45,0
38452.0,1,1,65,0
44421.0,1,1,49,0
38197.0,1,0,34,0
41986.0,0,1,42,0
28427.0,1,0,37,0
37395.0,1,0,44,0
64722.0,1,0,49,0
55249.0,0,1,64,0
84906.0,0,0,48,0
28691.0,1,0,31,0
44213.0,1,1,68,0
25707.0,1,0,36,0
59062.0,2,1,53,0
76624.0,0,1,58,0
66000.0,0,0,73,0
27683.0,1,0,42,0
1730.0,0,0,49,0
7500.0,1,0,28,0
40521.0,1,1,52,0
20427.0,1,0,47,0
65106.0,0,1,45,0
69969.0,0,0,55,1
67433.0,0,2,68,0
77766.0,0,1,53,1
74716.0,0,1,48,0
68118.0,0,1,57,0
55158.0,1,1,50,1
62972.0,0,1,65,1
74190.0,0,1,45,0
39356.0,1,1,44,0
76653.0,0,0,51,0
35860.0,1,1,47,0
90687.0,0,0,37,1
73450.0,0,0,38,0
31454.0,1,1,60,0
47139.0,1,1,68,1
83829.0,0,0,45,1
53378.0,1,1,57,1
19656.0,1,0,50,0
45579.0,0,1,72,0
85485.0,0,0,62,0
55956.0,0,0,76,0
64191.0,0,1,57,0
38808.0,1,0,48,1
57183.0,1,1,54,0
23748.0,1,0,52,0
66303.0,0,1,49,0
37368.0,1,0,45,0
40800.0,1,2,56,0
71847.0,0,0,42,0
46149.0,0,1,45,0
78687.0,0,0,37,1
49118.0,0,0,49,1
37633.0,1,1,63,0
39767.0,0,0,69,0
26997.0,0,0,69,0
33986.0,1,0,50,0
57091.0,0,1,48,1
46831.0,1,1,51,0
83151.0,0,0,48,1
52531.0,0,0,49,0
15759.0,0,0,64,0
22804.0,1,0,49,0
43050.0,1,0,47,0
42997.0,1,1,43,0
48918.0,1,1,57,0
60033.0,0,1,66,0
34043.0,1,0,42,0
57811.0,0,1,54,0
78569.0,0,0,74,1
7500.0,1,1,42,0
94384.0,0,0,67,1
23148.0,0,0,35,0
44267.0,1,1,50,0
71626.0,0,0,41,0
60894.0,0,1,54,0
50200.0,1,1,44,0
81051.0,0,0,55,0
65169.0,0,0,38,1
59868.0,0,1,48,0
65695.0,0,1,60,0
64857.0,0,0,64,0
45143.0,0,1,55,0
74805.0,0,1,65,0
59060.0,1,0,31,0
27238.0,1,1,58,0
47009.0,0,1,55,0
46094.0,1,1,47,0
40321.0,1,1,48,0
37235.0,1,0,36,0
81843.0,0,0,60,0
46692.0,0,1,62,0
77382.0,0,1,52,0
37774.0,2,0,43,1
18393.0,1,0,46,0
72828.0,0,1,58,0
24711.0,0,0,38,0
45503.0,1,0,45,0
6560.0,0,0,38,0
71604.0,0,0,75,1
27244.0,1,0,41,0
48752.0,1,1,51,1
71434.0,0,1,58,0
90842.0,0,0,72,0
88097.0,1,0,42,1
51948.0,0,1,45,0
71853.0,0,0,38,0
35876.0,0,0,37,0
40049.0,0,1,68,0
39660.0,1,0,38,1
50127.0,0,1,58,0
43263.0,0,1,43,0
62845.0,1,1,71,1
18929.0,0,0,30,0
24367.0,1,0,38,0
33249.0,1,0,45,0
26887.0,0,1,61,0
50150.0,0,0,37,0
62061.0,0,1,44,0
85696.0,0,0,58,1
76542.0,0,0,64,0
70515.0,0,0,27,1
18227.0,1,0,33,0
69139.0,0,1,55,0
69109.0,0,0,38,1
69627.0,0,1,58,0
38136.0,1,0,42,0
62159.0,0,0,74,0
80695.0,0,0,57,0
33316.0,1,1,49,0
58554.0,1,1,52,0
17256.0,1,0,28,0
53034.0,1,1,46,0
52203.0,0,0,70,0
59601.0,0,1,43,0
75154.0,0,1,62,1
47025.0,0,1,44,0
37971.0,1,0,47,0
41335.0,1,0,52,0
67267.0,0,1,62,0
57338.0,0,1,45,0
50523.0,1,1,60,0
35791.0,2,1,55,0
50611.0,0,1,60,0
56242.0,0,1,51,0
48904.0,0,1,60,0
56243.0,1,2,45,0
21355.0,1,0,35,1
57420.0,0,1,49,0
46390.0,0,1,65,0
54342.0,1,1,64,0
20895.0,1,0,47,0
92344.0,0,0,72,0
26907.0,1,1,44,0
44964.0,1,1,40,0
75507.0,0,0,41,0
53761.0,1,1,48,0
22682.0,1,0,47,0
38887.0,1,0,48,0
41658.0,1,1,45,0
29791.0,1,0,48,0
63915.0,0,2,64,0
39996.0,1,1,46,0
26759.0,1,0,48,0
63841.0,0,1,52,0
51039.0,1,1,51,0
60544.0,1,1,59,0
65685.0,0,1,48,0
37716.0,0,1,67,0
36864.0,0,1,63,1
44511.0,1,0,50,0
36947.0,1,1,53,0
47352.0,0,1,69,0
67087.0,0,1,67,0
57045.0,0,1,70,0
36957.0,1,1,67,1
69389.0,0,1,43,0
80134.0,1,0,48,1
43142.0,1,1,51,0
80589.0,0,0,76,1
34412.0,1,0,30,0
57537.0,1,0,41,0
22634.0,0,0,54,0
51315.0,0,0,72,0
36026.0,2,1,48,0
24639.0,1,1,47,0
34578.0,2,1,48,0
65704.0,0,0,48,0
63810.0,0,1,54,0
54132.0,0,1,51,0
18690.0,0,0,61,0
28164.0,1,0,50,0
34596.0,1,0,46,0
43269.0,1,0,48,0
38741.0,1,1,62,0
31907.0,0,0,48,0
27100.0,1,0,37,0
31163.0,1,0,47,0
92533.0,0,0,35,0
34853.0,1,1,47,0
70844.0,1,1,53,0
31086.0,1,1,41,0
60544.0,1,1,59,0
20491.0,0,0,34,0
42523.0,0,0,56,0
39922.0,1,0,37,0
33402.0,1,1,68,0
36408.0,1,1,71,0
21645.0,1,0,41,1
78427.0,0,0,72,1
82657.0,0,0,74,0
51876.0,0,0,62,0
78041.0,0,0,49,0
52852.0,0,1,63,0
70038.0,0,0,38,0
69401.0,0,1,47,0
46053.0,1,0,48,0
77343.0,0,0,55,0
73892.0,0,0,67,1
40304.0,1,0,53,0
32727.0,0,0,55,0
68695.0,0,0,51,0
43300.0,0,1,49,1
26290.0,1,1,48,0
93790.0,0,0,50,1
38410.0,0,0,46,1
64866.0,0,1,70,0
57957.0,0,1,61,0
46015.0,1,1,65,0
16531.0,1,0,42,0
28072.0,1,0,34,0
49476.0,0,1,57,0
50725.0,0,1,67,0
83844.0,0,0,68,0
41145.0,1,1,70,0
67419.0,0,1,50,0
23162.0,1,1,50,0
34380.0,1,0,43,0
34704.0,0,1,54,0
94871.0,0,2,51,1
65148.0,0,1,62,0
39898.0,0,1,66,0
64857.0,0,0,64,0
59892.0,0,1,50,0
41020.0,0,0,33,0
57072.0,0,1,59,0
60474.0,0,1,41,0
62807.0,0,1,60,0
19414.0,1,0,39,0
19107.0,1,0,40,0
75484.0,0,1,44,0
70379.0,0,1,44,0
79419.0,0,0,50,0
64014.0,2,1,74,0
76998.0,0,1,65,0
49854.0,1,0,48,0
60585.0,1,1,49,1
42873.0,1,1,70,0
87679.0,0,0,32,1
57867.0,1,0,42,0
35765.0,1,0,30,0
65492.0,0,0,61,0
32952.0,1,0,43,0
53374.0,0,1,51,1
71706.0,0,1,61,0
68487.0,0,0,32,0
53253.0,1,1,45,0
31163.0,1,0,47,0
42014.0,1,0,43,1
54108.0,1,1,47,0
49667.0,0,0,65,1
63206.0,0,0,46,0
57136.0,1,1,48,0
46772.0,0,1,45,0
78931.0,0,0,49,0
53977.0,0,1,62,0
84219.0,0,0,32,0
46098.0,1,1,45,0
73538.0,0,1,55,0
79529.0,0,0,34,0
20981.0,0,0,43,1
51766.0,1,0,40,0
55759.0,0,1,58,0
33039.0,1,0,42,0
37787.0,1,0,48,0
27242.0,1,0,50,1
87188.0,0,0,37,1
69930.0,0,0,49,0
37697.0,1,0,44,0
37401.0,1,0,47,0
3502.0,1,0,47,0
58597.0,1,1,44,0
82032.0,0,0,72,0
28087.0,1,1,62,0
74004.0,0,0,33,1
19740.0,0,1,60,0
57036.0,0,1,45,0
53083.0,1,1,62,0
69283.0,0,1,45,0
46098.0,1,1,45,1
23331.0,1,0,32,0
23331.0,1,0,32,0
9255.0,1,0,31,0
67786.0,0,0,61,1
71969.0,0,1,49,0
59235.0,1,0,53,0
31928.0,1,0,31,0
74881.0,1,1,59,0
65819.0,0,0,42,0
51411.0,1,2,67,0
51983.0,0,1,56,0
42386.0,1,0,34,0
30390.0,0,0,33,0
30983.0,0,0,57,1
66033.0,0,1,63,0
37284.0,1,1,45,0
57530.0,0,1,69,0
76800.0,0,0,55,0
63943.0,0,1,64,0
76081.0,0,0,58,0
67445.0,0,1,46,0
37054.0,1,1,53,0
47175.0,1,1,58,1
31859.0,1,0,44,0
27215.0,2,1,59,0
70179.0,0,1,44,0
39922.0,1,0,37,0
49681.0,0,2,44,0
24645.0,1,0,32,0
79865.0,0,1,66,0
44322.0,1,0,35,0
47958.0,0,1,68,0
63972.0,0,1,56,0
75315.0,0,1,66,0
55517.0,1,1,70,1
75283.0,1,2,63,0
82800.0,0,0,74,1
38998.0,1,1,66,0
90638.0,0,0,29,1
27161.0,1,0,34,0
42014.0,1,0,43,1
38201.0,0,1,60,0
45203.0,2,0,38,1
81574.0,0,0,73,0
34935.0,0,0,28,0
60482.0,0,1,44,0
34633.0,2,1,64,0
78093.0,0,0,73,0
82460.0,0,0,70,0
45903.0,0,1,54,0
81361.0,0,0,33,1
35860.0,1,1,47,1
40442.0,1,1,68,1
61482.0,0,0,55,0
34968.0,1,0,40,0
75794.0,0,0,33,0
31497.0,0,1,58,0
74268.0,0,0,65,0
13724.0,1,0,32,0
45143.0,0,1,55,0
52569.0,0,1,53,0
48432.0,0,1,47,1
17144.0,1,1,60,0
36108.0,1,0,36,0
76445.0,1,0,49,0
36663.0,1,0,45,0
53843.0,0,1,55,0
90226.0,0,0,64,0
70638.0,0,0,65,0
44512.0,1,1,60,0
27116.0,1,1,59,0
54072.0,1,1,57,0
71855.0,0,1,43,0
51250.0,1,0,30,0
60432.0,0,1,47,0
65526.0,0,1,56,0
68655.0,0,0,32,0
12393.0,0,0,42,0
64509.0,0,0,30,1
33955.0,1,0,45,0
31353.0,1,1,43,1
55434.0,1,0,36,0
28359.0,1,0,37,0
57100.0,1,0,33,0
69139.0,0,1,55,0
52973.0,0,1,64,0
51717.0,0,1,55,0
18793.0,1,0,49,0
66664.0,0,0,38,0
50664.0,1,1,61,0
54414.0,1,1,57,0
54549.0,0,1,68,0
47111.0,0,1,49,0
41003.0,0,0,57,0
19444.0,1,0,38,1
36301.0,1,0,44,0
73059.0,0,1,73,0
42731.0,1,0,51,0
52854.0,1,1,61,0
22775.0,1,0,42,0
46681.0,0,2,72,0
59821.0,0,1,65,0
50002.0,0,1,66,0
69755.0,0,0,75,0
44078.0,1,1,51,0
30560.0,1,0,44,0
35924.0,1,1,51,0
64140.0,0,2,56,1
56386.0,1,1,39,0
24594.0,1,0,41,0
75774.0,1,0,39,0
39228.0,0,0,60,0
58494.0,0,1,46,0
58684.0,0,0,39,0
57136.0,0,0,53,1
56551.0,1,1,70,0
22448.0,1,0,38,0
82014.0,0,0,59,1
34213.0,1,1,57,1
25358.0,0,1,73,0
35544.0,1,0,42,0
36634.0,0,1,66,0
62670.0,0,1,66,0
50334.0,0,1,48,0
72066.0,0,0,39,1
50729.0,1,1,62,0
34916.0,2,0,52,0
64892.0,0,1,44,0
43602.0,1,1,54,0
33996.0,0,0,31,0
41473.0,1,0,35,0
63246.0,0,2,53,0
36732.0,1,1,61,0
69084.0,1,0,50,0
77766.0,0,1,53,1
37929.0,0,0,35,1
86610.0,0,0,69,0
80141.0,0,0,34,1
72635.0,0,0,65,0
69016.0,0,1,50,0
20193.0,0,0,29,0
27573.0,1,0,45,0
15862.0,1,0,41,0
49544.0,1,0,44,0
33228.0,1,0,40,0
70440.0,0,0,42,0
38232.0,1,1,49,0
22554.0,1,1,65,0
23536.0,1,0,37,0
49413.0,0,1,68,0
42231.0,1,1,51,0
78789.0,0,0,40,1
56534.0,0,1,52,1
58350.0,0,1,49,0
81217.0,0,0,31,0
49090.0,0,1,69,0
61787.0,0,0,33,0
18169.0,1,0,35,0
24336.0,1,0,39,0
18222.0,0,0,30,0
62335.0,0,1,68,0
42033.0,1,1,49,0
86580.0,0,0,37,0
41437.0,1,1,63,0
73705.0,0,2,69,0
61064.0,0,1,44,0
38452.0,1,1,65,0
18358.0,1,0,31,0
55012.0,0,1,47,0
9722.0,1,0,47,1
38175.0,1,0,36,0
58656.0,0,1,64,0
52117.0,0,1,55,0
64813.0,1,0,42,0
54222.0,0,1,47,0
83512.0,0,0,34,1
77520.0,0,1,61,1
41154.0,0,1,42,0
80398.0,0,0,54,0
18746.0,1,0,28,0
35196.0,1,0,36,0
60230.0,0,1,64,0
22108.0,1,1,43,0
44392.0,1,1,46,0
55424.0,0,1,44,1
17688.0,1,0,41,0
92491.0,0,0,37,1
90273.0,0,0,29,1
82571.0,0,0,58,0
38513.0,1,0,38,1
16653.0,1,0,41,1
42586.0,1,1,65,1
23529.0,0,1,55,0
74881.0,1,1,59,0
71107.0,0,1,69,0
46910.0,1,1,56,0
18690.0,0,0,61,0
37244.0,1,1,65,0
82427.0,0,0,54,0
75342.0,0,1,62,0
70044.0,0,1,66,0
79146.0,1,1,53,0
77437.0,0,0,57,0
54984.0,0,1,61,0
42403.0,1,0,49,0
55761.0,0,1,56,0
37292.0,1,0,37,0
45576.0,0,0,75,1
70321.0,0,0,73,1
58086.0,0,1,51,0
81795.0,0,0,68,0
28389.0,0,0,73,0
66835.0,0,0,74,0
69901.0,0,1,51,0
80360.0,0,0,71,0
63342.0,0,1,59,1
44989.0,0,1,46,0
31859.0,1,0,40,0
51569.0,0,1,71,1
30372.0,1,1,49,0
16014.0,1,1,41,0
41120.0,1,1,52,0
39763.0,1,0,49,1
38725.0,1,1,65,0
77981.0,1,0,48,0
62905.0,0,1,56,0
13533.0,1,0,41,0
59481.0,0,1,45,0
72117.0,0,1,43,0
21955.0,1,0,34,0
67131.0,0,1,64,0
36802.0,1,0,40,0
71853.0,0,0,38,0
28249.0,0,0,59,0
47808.0,0,1,45,0
25509.0,1,0,46,1
51012.0,0,0,74,0
70596.0,0,0,35,0
85431.0,0,0,68,0
42664.0,0,1,53,0
42586.0,1,1,65,1
29760.0,1,0,35,0
28973.0,0,0,43,0
39435.0,1,0,47,0
65370.0,0,0,36,0
20194.0,1,0,41,0
42473.0,1,1,44,0
64590.0,0,0,52,0
71232.0,0,1,61,0
34600.0,1,1,49,1
46904.0,1,1,53,0
49094.0,0,1,47,0
36075.0,1,0,37,0
60839.0,1,1,41,0
77298.0,0,1,41,0
34026.0,1,1,70,0
48918.0,1,1,57,0
82122.0,0,0,58,0
37697.0,1,0,44,0
34074.0,1,1,68,0
28520.0,1,1,60,0
62535.0,0,1,65,0
36273.0,1,0,43,0
63404.0,0,2,56,0
75774.0,1,0,39,0
78416.0,0,1,44,0
75702.0,0,1,46,0
59385.0,1,1,69,0
37070.0,1,1,54,1
44689.0,1,1,69,0
53977.0,0,1,62,0
7144.0,0,2,54,0
18701.0,1,1,56,0
90369.0,0,0,64,1
63159.0,0,0,46,0
37758.0,1,1,54,0
46757.0,0,1,57,0
79734.0,0,0,51,0
63207.0,0,0,28,0
72071.0,0,1,66,0
21840.0,1,0,37,0
58582.0,0,1,38,0
72282.0,0,0,69,1
50387.0,0,2,64,0
32583.0,1,1,59,0
62568.0,0,1,58,0
44635.0,1,1,49,0
33316.0,1,1,49,0
63967.0,0,1,52,0
52513.0,0,0,42,0
25293.0,1,0,51,0
54111.0,0,1,55,0
78394.0,0,0,34,1
80739.0,0,0,62,0
22669.0,1,0,45,1
29236.0,1,0,33,0
44911.0,0,1,61,0
54693.0,0,1,58,0
48186.0,1,0,46,0
54809.0,1,1,43,1
41580.0,1,1,42,0
80336.0,0,0,50,0
47743.0,0,1,63,0
62972.0,0,1,65,0
57333.0,0,1,66,1
32313.0,1,0,38,0
84953.0,0,0,67,1
27071.0,1,0,52,0
68148.0,0,0,63,0
65735.0,1,1,55,0
86836.0,0,0,45,1
4023.0,1,1,57,0
30093.0,0,0,30,0
57705.0,0,1,54,0
25008.0,1,0,32,0
83257.0,0,0,25,1
22280.0,1,0,45,0
72159.0,0,0,42,0
64260.0,0,0,59,1
82733.0,0,0,36,1
74290.0,0,1,49,0
58217.0,2,1,69,0
21024.0,0,0,44,0
70116.0,0,0,48,0
54006.0,1,0,35,0
69063.0,0,1,54,0
11448.0,0,0,45,0
61825.0,0,1,41,0
70886.0,1,0,49,0
69109.0,0,0,38,1
60208.0,1,1,47,1
32889.0,1,1,52,0
34738.0,1,0,36,0
30538.0,1,0,49,0
82326.0,0,0,43,1
26642.0,1,0,53,0
69932.0,0,1,56,0
44503.0,1,1,48,0
60200.0,0,1,72,0
49638.0,0,1,68,0
23830.0,0,0,33,0
33051.0,0,0,61,1
72905.0,0,0,62,0
69702.0,0,1,69,0
70300.0,1,0,45,0
70643.0,0,0,36,1
30396.0,1,0,51,1
50616.0,0,1,52,0
62772.0,0,1,51,0
30298.0,0,0,35,0
52413.0,1,0,36,0
44155.0,1,1,63,0
86979.0,0,0,49,1
76532.0,1,1,45,0
42081.0,1,0,38,0
67546.0,0,0,32,0
88420.0,0,0,31,0
31158.0,1,0,35,0
61671.0,0,1,52,0
69719.0,0,0,46,0
49160.0,0,1,71,0
24882.0,1,0,42,0
90933.0,0,0,66,0
113734.0,0,0,75,0
59292.0,0,1,70,0
45759.0,1,1,56,0
22148.0,0,0,37,0
73395.0,0,0,33,0
29819.0,1,0,49,0
45688.0,0,1,52,0
62820.0,0,0,66,0
60491.0,0,1,49,0
33235.0,1,0,34,0
35701.0,0,0,61,0
31535.0,1,0,40,0
92556.0,0,0,60,0
67384.0,0,1,50,0
80573.0,0,0,49,0
77870.0,0,1,53,1
52278.0,0,1,57,0
57107.0,0,1,52,1
18929.0,0,0,30,0
36038.0,1,0,39,0
20180.0,0,0,44,0
34230.0,1,1,55,0
31878.0,0,1,43,0
70932.0,0,1,48,0
91249.0,0,0,64,1
77598.0,0,0,77,0
80982.0,1,1,61,0
22701.0,1,0,43,0
55212.0,0,1,51,0
70617.0,0,0,50,0
64849.0,0,0,63,1
62694.0,1,1,55,0
61917.0,1,1,46,0
67472.0,0,1,73,0
21059.0,1,0,38,0
29543.0,2,0,52,0
75903.0,0,1,69,0
34984.0,1,1,45,0
54998.0,0,1,64,1
54356.0,0,1,71,1
34242.0,0,1,61,0
25410.0,1,0,47,0
73356.0,0,0,36,1
28320.0,0,1,70,0
23763.0,1,0,43,0
72570.0,0,0,36,0
34529.0,1,0,44,0
70792.0,0,0,69,0
63211.0,0,0,38,1
83891.0,0,1,46,0
36065.0,1,1,52,0
39898.0,0,1,66,0
51141.0,0,0,80,0
56939.0,0,1,44,0
80872.0,0,0,69,0
72335.0,0,0,44,1
61798.0,0,0,56,0
76842.0,0,0,70,0
29478.0,1,0,44,0
46998.0,0,1,64,0
96843.0,0,0,30,1
56551.0,1,1,70,0
70053.0,0,1,55,0
71670.0,0,0,58,1
44359.0,1,1,42,0
40887.0,1,1,68,1
48877.0,0,1,54,0
74485.0,0,0,73,0
64474.0,0,1,48,0
77226.0,0,1,57,0
72643.0,0,0,71,1
85738.0,0,0,42,0
55686.0,0,1,54,0
39062.0,1,0,37,0
34600.0,1,1,49,1
40794.0,0,1,45,0
54690.0,1,1,49,0
4428.0,0,1,51,0
32632.0,0,0,57,0
38236.0,1,1,52,0
36781.0,1,0,41,1
31385.0,1,0,36,1
24570.0,1,0,36,0
25509.0,1,0,46,1
94642.0,0,0,69,0
58646.0,0,1,58,0
53201.0,1,1,45,0
21994.0,0,1,63,0
57113.0,1,1,42,0
51373.0,0,0,29,0
23477.0,1,0,34,0
58116.0,0,1,64,0
72968.0,0,0,57,1
39791.0,0,1,49,0
91712.0,0,0,73,1
94472.0,0,1,62,0
13672.0,1,1,60,0
96547.0,0,0,40,1
79205.0,0,0,45,1
56559.0,0,1,45,0
32644.0,1,0,47,0
67506.0,0,1,40,0
24206.0,1,0,50,0
28420.0,1,0,53,0
22979.0,1,0,50,1
33279.0,0,0,54,0
46423.0,1,1,48,0
30368.0,0,1,43,0
63684.0,0,1,50,0
41638.0,0,1,56,0
68805.0,0,1,61,0
65814.0,0,1,54,0
71964.0,0,0,62,0
39146.0,1,0,34,0
96876.0,0,0,43,1
34445.0,0,0,39,0
68281.0,0,0,62,1
37284.0,1,1,45,0
36790.0,0,0,37,1
27943.0,1,1,53,0
22263.0,1,1,69,0
30261.0,1,2,48,0
28587.0,1,0,42,0
43815.0,1,0,38,0
48195.0,1,1,64,0
77027.0,0,1,68,0
71322.0,0,1,55,0
32765.0,1,0,41,0
29672.0,1,1,55,0
23272.0,0,0,67,0
49912.0,0,1,71,1
7500.0,1,0,35,0
68117.0,0,1,73,1
67225.0,0,1,65,0
17649.0,1,0,44,0
55914.0,0,1,45,0
40059.0,1,0,36,0
60905.0,0,1,70,0
75330.0,1,1,43,0
60689.0,0,1,69,0
38680.0,1,0,36,0
61416.0,0,0,38,0
49767.0,0,0,29,0
83273.0,1,2,50,0
29009.0,1,0,39,0
45057.0,1,0,41,0
37150.0,1,0,49,0
43020.0,1,0,50,0
53154.0,0,1,61,0
65308.0,0,0,47,0
76467.0,1,0,50,1
81044.0,0,0,73,0
32871.0,1,1,69,0
55801.0,1,1,45,0
76320.0,0,1,61,0
36927.0,1,1,65,0
48794.0,1,1,67,0
23478.0,0,0,55,0
71128.0,1,0,47,0
70179.0,0,1,44,0
59462.0,0,1,70,0
38361.0,1,0,51,0
70038.0,0,0,38,0
42554.0,1,1,42,0
67445.0,0,1,46,0
67046.0,0,1,69,0
42192.0,0,0,72,0
77610.0,0,1,68,0
31761.0,1,0,36,0
34350.0,1,0,41,0
54591.0,0,1,71,0
71866.0,0,1,64,0
25293.0,1,0,51,0
42000.0,0,0,33,1
69520.0,0,0,37,0
64713.0,1,0,50,1
27889.0,1,0,43,0
22123.0,0,0,60,0
27803.0,1,0,47,0
51651.0,0,1,60,0
68487.0,0,0,32,0
56796.0,0,1,51,0
87000.0,0,0,28,0
79823.0,0,1,61,0
30828.0,1,0,40,0
34109.0,0,1,49,0
53367.0,1,1,46,1
22390.0,0,0,51,0
71322.0,0,1,44,0
79244.0,0,0,27,1
49912.0,0,1,71,1
48699.0,1,1,70,0
80144.0,0,0,45,0
54252.0,1,1,64,0
81929.0,1,0,44,1
76068.0,0,1,45,0
53204.0,1,1,44,0
67911.0,0,1,71,0
14796.0,1,0,36,1
78128.0,0,1,46,0
14188.0,0,0,48,0
20425.0,1,0,34,0
58646.0,0,1,58,0
72967.0,0,1,50,1
48150.0,0,1,71,0
82332.0,0,0,59,1
58275.0,1,1,65,0
44953.0,0,0,39,0
34587.0,1,1,67,0
43018.0,0,1,46,0
45736.0,0,1,66,0
66476.0,0,1,51,0
27733.0,1,0,39,0
69805.0,0,1,68,0
72217.0,0,0,58,0
25818.0,1,0,49,0
37509.0,1,0,44,0
25176.0,1,1,44,0
43586.0,0,1,40,0
53230.0,0,1,64,0
50116.0,1,1,63,0
84906.0,0,0,48,0
61286.0,0,1,54,0
82333.0,0,0,34,1
65220.0,0,0,55,1
33590.0,2,1,46,0
30992.0,1,0,44,0
72309.0,0,0,44,1
16005.0,1,0,40,0
65487.0,0,0,63,0
58692.0,0,1,55,0
40590.0,1,1,51,0
20587.0,1,0,50,0
62637.0,0,1,66,0
29435.0,1,1,54,1
19346.0,1,0,46,0
35788.0,1,1,49,0
36997.0,1,1,52,0
23539.0,0,0,63,0
65333.0,0,1,47,0
78499.0,0,0,63,1
29732.0,1,0,49,0
41275.0,1,2,60,0
63516.0,1,1,47,0
42769.0,0,1,58,0
49572.0,1,1,62,0
69209.0,0,0,48,0
17148.0,1,0,44,0
40590.0,1,1,51,0
30560.0,1,0,44,0
32146.0,1,0,37,0
41713.0,1,1,56,0
34176.0,0,1,45,0
58482.0,0,1,65,0
59686.0,0,1,55,0
60896.0,0,1,56,1
62994.0,1,0,40,0
47320.0,0,1,63,0
74859.0,0,0,71,0
15253.0,1,0,28,0
31560.0,1,0,46,0
72071.0,0,1,66,0
91172.0,0,0,30,1
90000.0,0,0,36,0
41967.0,1,1,39,0
69263.0,0,1,55,0
65706.0,0,0,50,1
60934.0,0,1,45,0
71965.0,0,1,69,0
65210.0,0,1,65,0
79174.0,0,0,45,1
81380.0,0,0,53,0
48432.0,0,1,47,0
52914.0,0,1,49,0
38946.0,0,1,65,0
26067.0,1,0,46,0
44325.0,0,1,48,0
42523.0,0,0,56,0
26487.0,1,0,42,0
53233.0,0,1,63,0
67716.0,0,1,60,0
76234.0,0,1,48,0
84117.0,0,0,64,0
65487.0,0,0,63,0
25224.0,1,0,48,0
89616.0,0,0,37,1
40851.0,1,1,49,0
27469.0,0,0,73,0
82347.0,0,0,63,1
73803.0,0,1,63,1
8820.0,1,1,68,0
43322.0,0,0,46,0
55593.0,0,1,47,0
50501.0,1,1,66,1
37085.0,1,1,45,0
16185.0,1,0,30,0
57731.0,0,1,51,0
48432.0,0,1,47,1
73807.0,0,1,42,0
18929.0,0,0,30,0
35893.0,1,1,52,0
61014.0,0,1,40,0
32144.0,1,1,66,0
14918.0,0,1,57,0
45146.0,1,1,57,0
41769.0,0,1,65,0
88325.0,0,0,39,0
38054.0,1,1,70,0
80617.0,0,0,25,0
5305.0,0,1,44,0
36807.0,1,1,66,0
28427.0,1,0,37,0
82032.0,0,0,72,0
22775.0,1,0,42,0
40101.0,1,0,35,0
58025.0,0,1,41,0
75777.0,0,0,38,1
7500.0,1,0,41,0
33562.0,1,2,57,0
57642.0,0,1,50,0
58554.0,1,1,52,0
63777.0,1,1,41,0
57967.0,0,1,58,0
24434.0,2,0,48,0
11012.0,1,0,36,0
44802.0,0,0,50,0
26816.0,0,0,34,0
34421.0,1,0,46,0
61223.0,0,1,53,0
64014.0,2,1,74,0
56981.0,0,0,39,0
69245.0,0,1,64,0
52869.0,1,1,66,1
