TEAM,ADJOE,ADJDE,BARTHAG,EFG_O,EFG_D,TOR,TORD,ORB,DRB,FTR,FTRD,2P_O,2P_D,3P_O,3P_D,ADJ_T,WAB,Wins_Fraction,POSTSEASON_Champions,POSTSEASON_E8,POSTSEASON_F4,POSTSEASON_None,POSTSEASON_R32,POSTSEASON_R64,POSTSEASON_R68,POSTSEASON_S16,SEED_2.0,SEED_3.0,SEED_4.0,SEED_5.0,SEED_6.0,SEED_7.0,SEED_8.0,SEED_9.0,SEED_10.0,SEED_11.0,SEED_12.0,SEED_13.0,SEED_14.0,SEED_15.0,SEED_16.0,SEED_None
Villanova,128.4,94.1,0.9725,59.5,48.5,15.0,18.2,29.6,27.1,29.4,26.7,59.0,49.0,40.1,31.7,69.6,10.6,0.7222222222222222,1,0,0,0,0,0,0,0,0,0,0,0,0,0,0,0,0,0,0,0,0,0,0,0
Virginia,114.6,86.7,0.9612,52.7,44.3,14.0,20.9,27.0,25.6,24.5,26.2,50.1,42.8,38.3,31.0,60.5,11.3,0.9210526315789473,0,0,0,0,0,1,0,0,0,0,0,0,0,0,0,0,0,0,0,0,0,0,0,0
Duke,122.3,92.9,0.9592,55.9,46.4,17.5,17.3,38.8,30.0,34.6,22.3,56.0,45.4,37.2,32.0,70.9,6.6,0.8421052631578947,0,1,0,0,0,0,0,0,1,0,0,0,0,0,0,0,0,0,0,0,0,0,0,0
Purdue,123.2,95.7,0.9484,57.7,47.0,15.8,17.7,28.0,28.0,35.6,24.2,54.1,45.5,42.0,33.2,68.7,7.6,0.7222222222222222,0,0,0,0,0,0,0,1,1,0,0,0,0,0,0,0,0,0,0,0,0,0,0,0
Cincinnati,111.6,87.7,0.9417,51.2,43.3,17.0,21.6,38.5,28.2,36.0,26.8,50.2,41.4,35.3,30.9,66.2,5.9,0.8,0,0,0,0,1,0,0,0,1,0,0,0,0,0,0,0,0,0,0,0,0,0,0,0
Kansas,122.1,96.4,0.9385,57.5,49.1,16.6,18.2,29.4,31.2,27.0,24.6,55.6,48.6,40.1,33.3,69.9,8.2,0.7222222222222222,0,0,1,0,0,0,0,0,0,0,0,0,0,0,0,0,0,0,0,0,0,0,0,0
Michigan,114.4,90.4,0.9375,53.9,47.7,14.0,19.5,25.5,24.9,30.7,30.0,54.7,46.8,35.2,33.2,65.9,6.9,0.8108108108108109,0,0,0,0,0,0,0,0,0,1,0,0,0,0,0,0,0,0,0,0,0,0,0,0
West Virginia,120.9,95.8,0.9353,50.4,49.9,16.5,23.3,37.0,30.1,31.3,44.1,48.8,45.4,35.3,38.0,71.2,4.6,0.4166666666666667,0,0,0,0,0,0,0,1,0,0,0,1,0,0,0,0,0,0,0,0,0,0,0,0
Michigan St.,118.9,94.3,0.9347,56.9,42.7,19.2,14.6,37.0,26.6,35.9,30.7,55.2,38.4,40.1,33.7,68.0,8.0,0.8205128205128205,0,0,0,0,1,0,0,0,0,1,0,0,0,0,0,0,0,0,0,0,0,0,0,0
North Carolina,120.7,97.1,0.9242,52.0,50.1,16.7,16.3,37.4,25.5,28.0,26.0,51.0,45.3,35.9,38.0,72.6,7.1,0.8055555555555556,0,0,0,0,1,0,0,0,1,0,0,0,0,0,0,0,0,0,0,0,0,0,0,0
Tennessee,114.2,92.0,0.9225,50.8,46.7,17.9,20.4,33.4,31.1,35.5,37.6,47.3,46.1,38.0,31.8,67.1,6.4,0.8611111111111112,0,0,0,0,1,0,0,0,0,1,0,0,0,0,0,0,0,0,0,0,0,0,0,0
Xavier,120.9,97.7,0.9211,55.9,49.9,17.2,15.7,30.2,23.1,41.0,25.6,55.9,49.8,37.2,33.4,71.7,8.8,0.5428571428571428,0,0,0,0,1,0,0,0,0,0,0,0,0,0,0,0,0,0,0,0,0,0,0,0
Gonzaga,117.2,94.9,0.9192,57.0,47.1,16.1,17.4,33.0,23.1,32.1,29.1,58.2,44.1,36.8,35.0,70.5,4.9,0.8918918918918919,0,0,0,0,0,0,0,1,0,0,1,0,0,0,0,0,0,0,0,0,0,0,0,0
Texas Tech,112.7,91.5,0.917,52.0,46.4,17.8,21.7,32.9,28.7,39.3,38.0,51.1,45.1,35.9,32.3,67.6,4.7,0.8157894736842105,0,1,0,0,0,0,0,0,0,1,0,0,0,0,0,0,0,0,0,0,0,0,0,0
Ohio St.,116.0,94.3,0.9154,54.1,48.7,17.1,17.9,30.2,25.2,31.1,29.5,54.7,46.1,35.3,35.1,68.2,4.5,0.5714285714285714,0,0,0,0,1,0,0,0,0,0,0,1,0,0,0,0,0,0,0,0,0,0,0,0
Penn St.,115.0,93.6,0.9148,52.6,48.3,17.3,19.5,31.7,28.2,31.5,32.1,49.8,46.7,38.7,34.2,68.7,-0.5,0.4375,0,0,0,1,0,0,0,0,0,0,0,0,0,0,0,0,0,0,0,0,0,0,0,1
Florida,115.2,93.9,0.9132,50.8,48.7,14.3,20.0,28.7,30.5,32.6,32.4,47.6,46.6,37.0,35.2,68.5,1.4,0.5555555555555556,0,0,0,0,1,0,0,0,0,0,0,0,1,0,0,0,0,0,0,0,0,0,0,0
Houston,114.8,93.9,0.9097,53.3,45.5,17.5,19.1,33.8,25.8,32.6,41.6,50.5,43.8,38.7,32.3,69.4,2.4,0.8918918918918919,0,0,0,0,1,0,0,0,0,0,0,0,1,0,0,0,0,0,0,0,0,0,0,0
Butler,116.1,95.3,0.9068,54.0,51.9,15.7,19.5,27.6,24.6,26.1,35.3,54.3,49.5,35.7,37.3,69.1,1.7,0.48484848484848486,0,0,0,0,1,0,0,0,0,0,0,0,0,0,0,0,1,0,0,0,0,0,0,0
Kentucky,115.8,95.6,0.9,51.8,46.8,18.6,16.8,35.7,31.0,44.0,32.3,51.2,48.0,35.7,30.1,70.0,4.3,0.8108108108108109,0,0,0,0,0,0,0,1,0,0,0,1,0,0,0,0,0,0,0,0,0,0,0,0
Clemson,112.5,93.1,0.8984,52.9,47.2,17.4,17.4,27.2,26.3,33.5,27.2,51.6,43.9,36.6,35.2,67.2,3.9,0.5882352941176471,0,0,0,0,0,0,0,1,0,0,0,1,0,0,0,0,0,0,0,0,0,0,0,0
Seton Hall,117.8,98.2,0.8902,52.9,50.3,17.8,17.7,34.3,28.4,35.2,29.8,52.0,50.0,36.5,33.8,70.7,2.5,0.5882352941176471,0,0,0,0,1,0,0,0,0,0,0,0,0,0,1,0,0,0,0,0,0,0,0,0
Creighton,116.2,97.4,0.8836,57.4,50.1,15.6,15.8,22.5,24.6,26.5,24.8,58.7,50.0,37.2,33.6,72.3,2.0,0.5882352941176471,0,0,0,0,0,1,0,0,0,0,0,0,0,0,1,0,0,0,0,0,0,0,0,0
TCU,119.5,100.5,0.8804,56.5,52.3,17.8,17.4,34.2,26.1,34.1,30.5,55.1,50.1,39.4,37.6,70.0,2.2,0.6216216216216216,0,0,0,0,0,1,0,0,0,0,0,0,1,0,0,0,0,0,0,0,0,0,0,0
Auburn,114.0,96.9,0.8672,50.8,49.7,16.4,20.7,32.1,28.0,39.8,38.1,48.7,47.7,35.7,35.1,73.8,4.3,0.7692307692307693,0,0,0,0,1,0,0,0,0,0,1,0,0,0,0,0,0,0,0,0,0,0,0,0
Wichita St.,120.9,102.7,0.8671,55.1,49.4,16.5,16.3,35.4,22.6,34.8,33.2,53.8,46.0,38.1,36.3,70.1,3.4,0.5945945945945946,0,0,0,0,0,1,0,0,0,0,1,0,0,0,0,0,0,0,0,0,0,0,0,0
Texas A&M,111.2,94.7,0.864,51.4,46.9,19.2,15.3,33.9,27.3,32.0,27.6,52.5,45.7,32.9,32.6,70.3,1.9,0.4375,0,0,0,0,0,0,0,1,0,0,0,0,0,1,0,0,0,0,0,0,0,0,0,0
Florida St.,113.2,96.4,0.8631,53.2,48.4,17.8,19.4,32.3,29.8,37.0,32.4,53.6,45.4,35.0,35.5,72.5,0.9,0.7837837837837838,0,1,0,0,0,0,0,0,0,0,0,0,0,0,0,1,0,0,0,0,0,0,0,0
Miami FL,113.3,96.6,0.8623,53.1,49.0,16.8,18.8,29.1,28.2,29.1,28.1,52.2,48.8,36.4,32.8,68.2,2.7,0.4375,0,0,0,0,0,1,0,0,0,0,0,0,1,0,0,0,0,0,0,0,0,0,0,0
Kansas St.,109.6,93.7,0.8584,52.6,49.1,17.2,21.6,25.9,31.9,33.8,36.8,53.4,48.9,34.1,33.0,66.5,2.5,0.7352941176470589,0,1,0,0,0,0,0,0,0,0,0,0,0,0,0,1,0,0,0,0,0,0,0,0
Virginia Tech,115.2,98.6,0.8579,57.7,50.4,17.0,18.6,23.9,29.4,36.5,29.4,57.3,49.2,38.8,34.7,70.2,1.3,0.7428571428571429,0,0,0,0,0,1,0,0,0,0,0,0,0,0,1,0,0,0,0,0,0,0,0,0
Texas,109.3,93.7,0.8547,50.0,48.3,17.0,18.0,29.4,29.1,33.0,26.2,51.2,47.5,32.0,33.2,66.6,1.4,0.5675675675675675,0,0,0,0,0,1,0,0,0,0,0,0,0,0,0,0,1,0,0,0,0,0,0,0
Maryland,113.9,97.8,0.853,54.3,47.5,20.4,16.3,31.4,28.2,37.9,24.0,53.9,45.6,36.8,33.8,67.5,-0.6,0.6764705882352942,0,0,0,1,0,0,0,0,0,0,0,0,0,0,0,0,0,0,0,0,0,0,0,1
Arizona,117.0,100.4,0.8528,56.3,49.9,17.5,16.7,33.2,25.1,36.9,31.2,56.7,47.7,36.9,35.8,68.3,3.8,0.53125,0,0,0,0,0,1,0,0,0,0,1,0,0,0,0,0,0,0,0,0,0,0,0,0
Oklahoma St.,112.7,96.8,0.852,49.8,50.0,18.1,20.3,34.2,31.1,32.2,35.6,48.3,47.5,34.8,36.7,70.0,0.1,0.375,0,0,0,1,0,0,0,0,0,0,0,0,0,0,0,0,0,0,0,0,0,0,0,1
San Diego St.,110.2,94.9,0.8486,51.7,48.6,17.0,19.0,31.6,25.0,35.1,29.6,52.0,47.8,34.1,33.2,70.0,-1.5,0.6363636363636364,0,0,0,0,0,1,0,0,0,0,0,0,0,0,0,0,0,1,0,0,0,0,0,0
Louisville,112.0,96.4,0.8486,51.8,47.0,16.7,18.9,28.6,31.4,31.9,29.3,49.7,45.8,37.1,32.9,70.6,0.5,0.5882352941176471,0,0,0,1,0,0,0,0,0,0,0,0,0,0,0,0,0,0,0,0,0,0,0,1
Arkansas,116.7,100.4,0.8483,53.8,50.4,15.1,19.4,28.8,31.7,37.4,40.8,51.2,48.2,39.5,35.7,71.1,2.8,0.5294117647058824,0,0,0,0,0,1,0,0,0,0,0,0,0,1,0,0,0,0,0,0,0,0,0,0
Saint Mary's,118.7,102.3,0.8468,58.7,49.2,15.4,15.1,28.9,22.8,30.4,24.8,57.1,49.5,41.0,32.3,64.6,1.3,0.6470588235294118,0,0,0,1,0,0,0,0,0,0,0,0,0,0,0,0,0,0,0,0,0,0,0,1
Nevada,118.9,102.5,0.8462,54.8,49.4,13.5,18.0,26.7,29.3,36.3,30.1,52.1,50.7,39.2,31.7,70.7,2.5,0.8529411764705882,0,0,0,0,0,0,0,1,0,0,0,0,0,1,0,0,0,0,0,0,0,0,0,0
Loyola Chicago,110.5,95.4,0.8444,57.7,47.4,19.1,19.4,22.1,25.9,32.2,25.2,56.6,47.1,39.8,32.0,66.4,2.0,0.6060606060606061,0,0,1,0,0,0,0,0,0,0,0,0,0,0,0,0,0,1,0,0,0,0,0,0
Marquette,120.1,103.8,0.8434,56.8,53.8,17.3,18.1,27.6,29.6,28.8,38.9,52.2,53.8,41.7,35.9,70.4,1.0,0.7058823529411765,0,0,0,1,0,0,0,0,0,0,0,0,0,0,0,0,0,0,0,0,0,0,0,1
Baylor,110.5,95.5,0.843,51.8,47.7,19.8,17.2,35.5,29.7,32.2,30.2,51.3,46.2,35.4,33.4,67.6,0.1,0.5882352941176471,0,0,0,1,0,0,0,0,0,0,0,0,0,0,0,0,0,0,0,0,0,0,0,1
USC,114.0,98.6,0.8423,53.8,51.0,15.3,19.2,30.0,28.8,29.9,26.6,52.4,49.8,37.6,35.2,69.0,-0.4,0.48484848484848486,0,0,0,1,0,0,0,0,0,0,0,0,0,0,0,0,0,0,0,0,0,0,0,1
Missouri,111.0,96.0,0.842,54.1,46.7,20.8,16.0,30.3,27.9,38.3,30.3,50.3,45.4,39.0,32.7,66.8,0.4,0.46875,0,0,0,0,0,1,0,0,0,0,0,0,0,0,1,0,0,0,0,0,0,0,0,0
Oklahoma,114.6,99.5,0.835,53.5,51.0,17.3,16.8,28.4,30.0,33.2,25.6,53.3,49.1,35.9,36.2,76.7,1.1,0.5882352941176471,0,0,0,0,0,1,0,0,0,0,0,0,0,0,0,0,1,0,0,0,0,0,0,0
Syracuse,106.0,92.1,0.8344,46.9,46.2,19.1,19.5,34.7,30.4,40.5,31.4,46.6,45.1,31.7,31.8,64.0,-0.4,0.5882352941176471,0,0,0,0,0,0,0,1,0,0,0,0,0,0,0,0,0,1,0,0,0,0,0,0
Mississippi St.,111.2,96.6,0.8343,52.2,48.3,19.1,19.5,32.1,30.7,31.7,29.7,55.2,47.2,31.5,33.3,68.6,0.0,0.6764705882352942,0,0,0,1,0,0,0,0,0,0,0,0,0,0,0,0,0,0,0,0,0,0,0,1
Nebraska,110.4,96.1,0.8325,49.1,47.0,16.0,18.3,30.1,34.0,37.6,26.5,47.6,46.5,34.6,32.2,68.7,1.9,0.5428571428571428,0,0,0,1,0,0,0,0,0,0,0,0,0,0,0,0,0,0,0,0,0,0,0,1
Notre Dame,114.1,99.4,0.8305,51.1,49.3,14.7,16.4,31.1,28.8,31.0,22.6,49.6,47.0,35.6,35.4,66.7,-0.7,0.42424242424242425,0,0,0,1,0,0,0,0,0,0,0,0,0,0,0,0,0,0,0,0,0,0,0,1
Davidson,117.0,102.3,0.823,57.4,51.2,14.5,16.2,22.6,23.4,24.6,29.6,56.5,50.3,38.9,35.0,65.5,-2.9,0.7272727272727273,0,0,0,0,0,1,0,0,0,0,0,0,0,0,0,0,0,0,1,0,0,0,0,0
North Carolina St.,115.6,101.3,0.821,53.4,51.6,16.8,20.4,33.4,32.0,34.2,33.7,52.1,53.6,37.2,31.6,72.8,0.9,0.6666666666666666,0,0,0,0,0,1,0,0,0,0,0,0,0,0,0,1,0,0,0,0,0,0,0,0
Middle Tennessee,110.3,96.8,0.8186,53.1,49.2,18.6,19.1,30.7,22.3,30.1,40.8,51.9,50.4,37.1,31.5,67.7,0.8,0.36666666666666664,0,0,0,1,0,0,0,0,0,0,0,0,0,0,0,0,0,0,0,0,0,0,0,1
Utah,111.4,97.9,0.8156,54.5,48.3,17.5,17.5,24.1,28.6,34.4,28.8,53.6,47.0,37.0,33.6,67.1,-1.5,0.5483870967741935,0,0,0,1,0,0,0,0,0,0,0,0,0,0,0,0,0,0,0,0,0,0,0,1
Arizona St.,115.7,102.1,0.8089,53.8,50.6,14.7,20.4,28.0,30.6,41.3,32.7,53.2,50.2,36.4,34.2,72.7,-1.2,0.6764705882352942,0,0,0,0,0,0,1,0,0,0,0,0,0,0,0,0,0,1,0,0,0,0,0,0
Boise St.,109.2,96.3,0.8087,53.8,48.8,18.9,16.4,29.3,18.4,31.0,29.5,52.0,48.4,37.5,33.0,70.1,-0.4,0.40625,0,0,0,1,0,0,0,0,0,0,0,0,0,0,0,0,0,0,0,0,0,0,0,1
Alabama,107.9,95.3,0.8074,51.9,47.8,20.3,18.7,29.4,30.9,41.9,36.5,53.5,46.9,32.6,32.8,69.9,-1.1,0.5294117647058824,0,0,0,0,1,0,0,0,0,0,0,0,0,0,0,1,0,0,0,0,0,0,0,0
Western Kentucky,113.8,100.7,0.8039,54.2,49.4,16.6,17.9,29.0,29.3,40.0,23.9,54.6,46.7,35.4,36.0,69.5,-1.2,0.5882352941176471,0,0,0,1,0,0,0,0,0,0,0,0,0,0,0,0,0,0,0,0,0,0,0,1
UCLA,113.7,100.6,0.8029,53.7,49.1,16.6,14.5,28.5,26.9,35.5,29.7,51.4,47.3,38.1,34.6,71.5,0.0,0.5151515151515151,0,0,0,0,0,0,1,0,0,0,0,0,0,0,0,0,0,1,0,0,0,0,0,0
Providence,108.4,95.9,0.8027,49.6,50.3,17.4,19.0,28.9,29.0,38.6,31.8,49.5,51.5,33.2,32.2,68.3,1.9,0.5294117647058824,0,0,0,0,0,1,0,0,0,0,0,0,0,0,0,0,1,0,0,0,0,0,0,0
Georgia,107.5,95.3,0.8007,47.5,45.6,19.2,14.5,34.8,28.9,40.1,27.7,47.4,43.1,31.8,33.2,65.6,-1.1,0.34375,0,0,0,1,0,0,0,0,0,0,0,0,0,0,0,0,0,0,0,0,0,0,0,1
South Dakota St.,113.2,100.4,0.7989,54.3,50.0,14.0,14.2,24.6,23.3,35.4,25.6,50.7,49.8,39.3,33.6,71.5,0.6,0.75,0,0,0,0,0,1,0,0,0,0,0,0,0,0,0,0,0,0,1,0,0,0,0,0
Rhode Island,109.7,97.3,0.7988,51.1,50.4,15.3,22.6,31.0,28.2,30.1,40.6,50.4,50.6,35.2,33.2,69.6,1.6,0.5454545454545454,0,0,0,0,1,0,0,0,0,0,0,0,0,1,0,0,0,0,0,0,0,0,0,0
New Mexico St.,106.8,95.0,0.7927,51.6,46.0,17.4,19.0,33.8,22.5,29.1,33.0,52.0,45.7,34.0,31.1,69.4,1.3,0.9090909090909091,0,0,0,0,0,1,0,0,0,0,0,0,0,0,0,0,0,0,1,0,0,0,0,0
Old Dominion,107.5,95.7,0.791,50.7,47.7,15.5,21.6,32.3,26.2,33.0,30.3,49.3,45.6,35.7,33.8,66.0,-0.9,0.7428571428571429,0,0,0,1,0,0,0,0,0,0,0,0,0,0,0,0,0,0,0,0,0,0,0,1
Louisiana Lafayette,112.2,100.6,0.7774,52.7,49.1,18.3,19.6,35.9,27.9,38.0,36.1,52.4,48.5,35.4,33.6,71.6,-0.5,0.6333333333333333,0,0,0,1,0,0,0,0,0,0,0,0,0,0,0,0,0,0,0,0,0,0,0,1
St. John's,106.0,95.1,0.7764,49.2,50.3,16.4,22.2,23.6,32.0,30.4,34.4,48.8,46.0,33.3,37.4,70.5,-3.0,0.6176470588235294,0,0,0,1,0,0,0,0,0,0,0,0,0,0,0,0,0,0,0,0,0,0,0,1
Buffalo,114.5,102.7,0.7761,54.8,48.8,16.5,18.1,31.9,29.1,29.9,39.5,54.3,48.4,37.1,33.1,73.8,-1.3,0.9142857142857143,0,0,0,0,1,0,0,0,0,0,0,0,0,0,0,0,0,0,0,1,0,0,0,0
LSU,114.2,102.7,0.7721,54.5,52.7,16.6,19.6,29.2,31.6,32.5,32.7,56.3,52.6,34.6,35.3,69.5,-1.9,0.8,0,0,0,1,0,0,0,0,0,0,0,0,0,0,0,0,0,0,0,0,0,0,0,1
Georgetown,111.5,100.4,0.7688,51.8,50.8,20.7,17.0,31.3,26.0,38.3,28.3,50.1,49.9,36.6,34.8,71.4,-3.5,0.5757575757575758,0,0,0,1,0,0,0,0,0,0,0,0,0,0,0,0,0,0,0,0,0,0,0,1
Indiana,108.8,98.0,0.7685,51.1,50.8,18.2,19.7,31.8,29.5,36.4,32.2,52.5,48.4,32.2,36.7,67.8,-2.9,0.5428571428571428,0,0,0,1,0,0,0,0,0,0,0,0,0,0,0,0,0,0,0,0,0,0,0,1
Fresno St.,108.5,98.0,0.7631,54.5,49.6,17.4,18.8,26.6,24.6,38.4,39.0,52.7,46.7,39.0,36.8,67.7,-3.8,0.7419354838709677,0,0,0,1,0,0,0,0,0,0,0,0,0,0,0,0,0,0,0,0,0,0,0,1
Wisconsin,108.7,98.3,0.7618,50.9,51.2,16.8,18.4,28.4,27.7,32.7,30.2,51.2,50.6,33.5,35.0,63.9,-3.8,0.6764705882352942,0,0,0,1,0,0,0,0,0,0,0,0,0,0,0,0,0,0,0,0,0,0,0,1
South Carolina,104.7,94.8,0.759,46.2,49.3,19.7,21.0,33.6,27.5,42.8,43.1,43.5,48.7,33.8,33.5,69.8,-3.1,0.5161290322580645,0,0,0,1,0,0,0,0,0,0,0,0,0,0,0,0,0,0,0,0,0,0,0,1
Northwestern,109.0,99.0,0.7512,49.5,51.0,17.8,19.0,29.4,27.7,29.1,37.0,47.1,48.9,35.4,36.2,65.5,-4.2,0.40625,0,0,0,1,0,0,0,0,0,0,0,0,0,0,0,0,0,0,0,0,0,0,0,1
Oregon,110.0,100.0,0.7501,53.3,50.3,17.1,19.0,31.0,26.8,31.7,36.3,53.1,48.4,35.7,35.6,68.6,-2.3,0.6578947368421053,0,0,0,1,0,0,0,0,0,0,0,0,0,0,0,0,0,0,0,0,0,0,0,1
St. Bonaventure,109.6,99.7,0.7485,51.6,49.0,16.3,20.4,29.3,29.1,40.5,38.4,48.5,49.7,38.6,32.0,70.4,1.4,0.5294117647058824,0,0,0,0,0,1,0,0,0,0,0,0,0,0,0,0,0,1,0,0,0,0,0,0
South Dakota,108.3,98.6,0.7458,52.1,48.4,15.7,19.9,29.4,27.1,35.7,29.7,51.9,47.1,35.0,33.7,71.7,-1.8,0.4642857142857143,0,0,0,1,0,0,0,0,0,0,0,0,0,0,0,0,0,0,0,0,0,0,0,1
Murray St.,110.6,100.8,0.7449,55.0,47.2,17.6,18.0,32.9,27.6,37.3,30.5,54.4,47.6,37.2,30.9,67.8,-0.4,0.9032258064516129,0,0,0,0,0,1,0,0,0,0,0,0,0,0,0,0,0,0,1,0,0,0,0,0
Boston College,112.6,102.8,0.7399,52.1,51.8,18.2,17.6,30.1,26.0,30.7,27.1,51.1,50.1,35.9,36.1,70.9,-1.9,0.45161290322580644,0,0,0,1,0,0,0,0,0,0,0,0,0,0,0,0,0,0,0,0,0,0,0,1
Stanford,107.6,98.5,0.7341,51.9,49.7,20.6,15.9,32.8,27.0,41.6,29.2,50.3,47.9,36.9,35.1,71.9,-4.3,0.4838709677419355,0,0,0,1,0,0,0,0,0,0,0,0,0,0,0,0,0,0,0,0,0,0,0,1
Illinois,110.7,101.7,0.727,49.8,53.3,18.8,23.2,34.0,31.3,33.1,47.9,49.8,54.1,33.2,34.5,71.2,-6.5,0.36363636363636365,0,0,0,1,0,0,0,0,0,0,0,0,0,0,0,0,0,0,0,0,0,0,0,1
Iowa St.,110.2,101.3,0.7249,49.9,51.0,17.0,16.4,29.5,30.6,29.8,26.5,47.9,51.0,35.8,33.9,70.1,-4.3,0.6571428571428571,0,0,0,1,0,0,0,0,0,0,0,0,0,0,0,0,0,0,0,0,0,0,0,1
Wake Forest,110.4,101.6,0.7242,50.5,51.5,18.8,17.5,30.5,27.7,31.9,39.0,47.4,48.1,37.4,37.7,70.7,-7.9,0.3548387096774194,0,0,0,1,0,0,0,0,0,0,0,0,0,0,0,0,0,0,0,0,0,0,0,1
BYU,106.7,98.2,0.7226,54.1,51.3,16.8,18.5,22.5,22.8,37.6,28.4,55.3,51.9,34.7,33.6,68.7,-1.8,0.59375,0,0,0,1,0,0,0,0,0,0,0,0,0,0,0,0,0,0,0,0,0,0,0,1
Belmont,112.3,103.4,0.7217,58.8,48.9,18.1,16.9,25.2,25.7,27.9,26.8,61.7,48.1,37.6,33.5,68.3,-2.7,0.84375,0,0,0,1,0,0,0,0,0,0,0,0,0,0,0,0,0,0,0,0,0,0,0,1
UNC Greensboro,103.4,95.2,0.7207,51.7,47.5,19.8,21.4,33.7,23.9,26.0,39.2,51.1,47.3,35.0,31.9,66.2,-1.6,0.8529411764705882,0,0,0,0,0,1,0,0,0,0,0,0,0,0,0,0,0,0,0,1,0,0,0,0
Iowa,116.1,106.9,0.7202,54.3,53.1,18.7,15.5,34.1,28.0,35.4,28.1,53.3,51.2,37.5,37.6,71.4,-5.7,0.6571428571428571,0,0,0,1,0,0,0,0,0,0,0,0,0,0,0,0,0,0,0,0,0,0,0,1
Montana,106.7,98.4,0.7184,51.2,48.4,17.4,21.2,33.5,26.1,38.3,41.4,51.4,46.3,33.7,35.2,69.1,-1.1,0.7878787878787878,0,0,0,0,0,1,0,0,0,0,0,0,0,0,0,0,0,0,0,0,1,0,0,0
Vanderbilt,114.7,105.9,0.7142,51.8,52.4,17.7,14.7,28.6,27.7,36.2,36.5,50.8,50.7,35.3,37.4,67.0,-6.0,0.28125,0,0,0,1,0,0,0,0,0,0,0,0,0,0,0,0,0,0,0,0,0,0,0,1
Temple,107.4,99.3,0.7113,49.3,49.8,15.9,18.7,27.7,32.4,25.6,31.5,47.2,50.5,35.0,32.4,68.4,-3.3,0.696969696969697,0,0,0,1,0,0,0,0,0,0,0,0,0,0,0,0,0,0,0,0,0,0,0,1
DePaul,103.8,96.0,0.7111,47.9,52.0,19.4,20.2,32.9,28.1,29.4,32.3,48.5,49.2,31.0,37.1,71.0,-6.7,0.5277777777777778,0,0,0,1,0,0,0,0,0,0,0,0,0,0,0,0,0,0,0,0,0,0,0,1
Northern Kentucky,106.2,98.3,0.7087,53.8,47.1,17.6,19.2,28.0,26.8,31.0,31.7,55.7,46.7,34.0,31.8,69.6,-4.5,0.7878787878787878,0,0,0,1,0,0,0,0,0,0,0,0,0,0,0,0,0,0,0,0,0,0,0,1
SMU,107.6,99.8,0.7041,52.0,49.5,18.0,21.7,32.7,31.7,30.5,30.6,48.7,48.6,37.9,33.8,65.4,-6.3,0.46875,0,0,0,1,0,0,0,0,0,0,0,0,0,0,0,0,0,0,0,0,0,0,0,1
Furman,108.1,100.8,0.6911,54.9,50.1,16.5,20.6,27.0,28.6,28.2,29.9,56.8,51.4,35.3,32.0,69.7,-4.0,0.8333333333333334,0,0,0,1,0,0,0,0,0,0,0,0,0,0,0,0,0,0,0,0,0,0,0,1
Georgia St.,108.8,101.5,0.6894,53.9,47.1,16.7,20.6,25.6,33.4,30.9,38.6,50.9,44.0,38.7,33.8,67.7,-5.1,0.7272727272727273,0,0,0,0,0,1,0,0,0,0,0,0,0,0,0,0,0,0,0,0,0,1,0,0
Washington,105.9,98.8,0.6886,51.7,50.7,18.6,21.1,28.9,33.3,36.7,34.4,51.6,50.9,34.6,33.4,70.8,-2.5,0.75,0,0,0,1,0,0,0,0,0,0,0,0,0,0,0,0,0,0,0,0,0,0,0,1
Tulsa,108.5,101.4,0.6853,50.7,49.5,18.6,17.9,32.0,29.6,41.6,25.3,49.7,47.9,34.7,34.4,68.8,-4.1,0.5625,0,0,0,1,0,0,0,0,0,0,0,0,0,0,0,0,0,0,0,0,0,0,0,1
Stephen F. Austin,103.8,97.1,0.6832,53.1,49.7,20.7,25.9,32.0,28.5,40.5,50.3,51.7,47.4,37.4,35.6,72.1,-1.8,0.5384615384615384,0,0,0,0,0,1,0,0,0,0,0,0,0,0,0,0,0,0,0,0,1,0,0,0
Utah Valley,109.0,102.0,0.6814,54.2,48.1,19.8,17.5,30.9,27.5,39.1,28.5,51.9,47.4,38.9,32.9,69.2,-4.1,0.7575757575757576,0,0,0,1,0,0,0,0,0,0,0,0,0,0,0,0,0,0,0,0,0,0,0,1
New Mexico,113.2,106.1,0.6778,53.5,54.8,16.8,22.0,26.1,31.0,34.6,39.9,51.4,53.7,37.1,38.1,72.2,-6.1,0.45161290322580644,0,0,0,1,0,0,0,0,0,0,0,0,0,0,0,0,0,0,0,0,0,0,0,1
Bucknell,108.0,101.3,0.676,53.9,47.8,17.0,17.0,27.0,27.5,42.6,34.5,55.0,47.0,34.8,33.1,72.9,-3.0,0.6363636363636364,0,0,0,0,0,1,0,0,0,0,0,0,0,0,0,0,0,0,0,0,1,0,0,0
Vermont,110.7,103.8,0.6759,55.9,50.6,16.9,16.8,26.0,22.6,41.8,25.0,53.8,49.9,39.9,34.6,65.2,-0.9,0.8181818181818182,0,0,0,1,0,0,0,0,0,0,0,0,0,0,0,0,0,0,0,0,0,0,0,1
Northern Colorado,106.7,100.2,0.674,53.7,48.8,16.7,17.3,25.6,24.4,33.7,36.7,54.0,48.7,35.5,32.8,73.1,-6.2,0.7,0,0,0,1,0,0,0,0,0,0,0,0,0,0,0,0,0,0,0,0,0,0,0,1
Northern Iowa,103.6,97.3,0.6732,48.5,49.8,17.5,17.0,24.5,22.1,31.3,25.6,47.3,46.4,33.5,37.0,63.7,-7.1,0.5,0,0,0,1,0,0,0,0,0,0,0,0,0,0,0,0,0,0,0,0,0,0,0,1
Oregon St.,107.4,100.9,0.6713,52.1,49.6,19.4,18.6,31.8,28.7,38.7,38.2,53.3,48.1,32.9,34.8,66.8,-7.3,0.5806451612903226,0,0,0,1,0,0,0,0,0,0,0,0,0,0,0,0,0,0,0,0,0,0,0,1
Northeastern,106.1,99.8,0.6709,56.9,49.4,19.8,17.9,25.3,25.6,35.1,33.0,57.6,51.1,37.3,30.0,68.0,-4.0,0.6764705882352942,0,0,0,1,0,0,0,0,0,0,0,0,0,0,0,0,0,0,0,0,0,0,0,1
Minnesota,108.3,101.8,0.6706,48.7,50.5,15.5,16.0,30.0,29.5,35.1,27.1,47.1,47.3,34.6,37.5,71.2,-5.0,0.6111111111111112,0,0,0,1,0,0,0,0,0,0,0,0,0,0,0,0,0,0,0,0,0,0,0,1
Mississippi,110.4,103.9,0.6687,48.3,51.5,15.9,17.3,31.3,30.7,33.8,36.9,48.7,48.1,31.9,37.8,71.0,-7.0,0.6060606060606061,0,0,0,1,0,0,0,0,0,0,0,0,0,0,0,0,0,0,0,0,0,0,0,1
East Tennessee St.,103.5,97.5,0.6652,53.8,47.1,19.7,20.6,30.7,27.7,33.1,33.4,54.8,46.4,34.7,32.0,68.9,-3.1,0.75,0,0,0,1,0,0,0,0,0,0,0,0,0,0,0,0,0,0,0,0,0,0,0,1
Penn,103.6,97.6,0.6644,52.9,47.0,16.6,17.0,23.8,22.6,33.4,31.8,53.3,48.0,34.8,30.0,70.1,-3.3,0.6333333333333333,0,0,0,0,0,1,0,0,0,0,0,0,0,0,0,0,0,0,0,0,0,0,1,0
UNLV,110.4,104.1,0.6637,53.5,48.7,19.1,15.5,34.5,29.9,43.4,26.2,54.8,46.7,33.4,35.2,73.8,-4.8,0.5483870967741935,0,0,0,1,0,0,0,0,0,0,0,0,0,0,0,0,0,0,0,0,0,0,0,1
Marshall,108.8,102.5,0.6633,54.7,49.9,17.2,18.4,22.4,32.3,33.1,28.9,55.5,48.7,35.9,35.0,75.9,-2.5,0.6216216216216216,0,0,0,0,1,0,0,0,0,0,0,0,0,0,0,0,0,0,0,1,0,0,0,0
Colorado,104.8,99.0,0.6588,50.6,49.3,20.0,15.1,29.3,26.3,33.3,34.0,48.8,46.6,35.8,35.7,69.2,-4.5,0.6388888888888888,0,0,0,1,0,0,0,0,0,0,0,0,0,0,0,0,0,0,0,0,0,0,0,1
Grand Canyon,101.9,96.5,0.6514,48.5,44.3,18.8,21.5,31.7,28.3,39.1,39.2,49.2,45.6,31.7,27.5,69.9,-5.4,0.6060606060606061,0,0,0,1,0,0,0,0,0,0,0,0,0,0,0,0,0,0,0,0,0,0,0,1
UAB,108.0,102.5,0.6448,54.7,50.6,19.0,17.6,30.9,25.0,28.3,26.8,55.9,49.1,34.8,35.0,68.8,-6.1,0.6060606060606061,0,0,0,1,0,0,0,0,0,0,0,0,0,0,0,0,0,0,0,0,0,0,0,1
Georgia Tech,103.4,98.5,0.6385,46.9,49.2,19.2,18.9,30.8,30.6,34.8,31.8,46.6,45.4,31.8,37.9,67.0,-6.7,0.4375,0,0,0,1,0,0,0,0,0,0,0,0,0,0,0,0,0,0,0,0,0,0,0,1
San Diego,104.1,99.3,0.6325,53.1,46.3,19.6,17.8,22.4,26.4,39.3,41.9,51.7,46.4,36.6,30.7,68.0,-5.7,0.6,0,0,0,1,0,0,0,0,0,0,0,0,0,0,0,0,0,0,0,0,0,0,0,1
Saint Joseph's,104.5,99.9,0.628,48.8,49.6,13.9,16.2,23.5,24.5,34.6,24.6,47.7,48.9,33.7,33.7,71.6,-8.1,0.42424242424242425,0,0,0,1,0,0,0,0,0,0,0,0,0,0,0,0,0,0,0,0,0,0,0,1
Missouri St.,108.3,103.6,0.6271,49.4,47.5,17.4,14.8,33.1,25.8,27.3,30.4,49.4,46.0,32.9,33.5,66.7,-8.0,0.5161290322580645,0,0,0,1,0,0,0,0,0,0,0,0,0,0,0,0,0,0,0,0,0,0,0,1
Toledo,113.2,108.3,0.6248,55.3,49.5,16.6,13.4,27.8,27.8,37.1,26.4,51.4,48.5,40.6,34.4,69.5,-4.5,0.78125,0,0,0,1,0,0,0,0,0,0,0,0,0,0,0,0,0,0,0,0,0,0,0,1
UCF,97.4,93.5,0.6165,47.8,45.7,20.7,18.9,28.5,28.6,43.1,26.2,47.1,43.7,32.9,33.1,65.8,-3.4,0.7272727272727273,0,0,0,1,0,0,0,0,0,0,0,0,0,0,0,0,0,0,0,0,0,0,0,1
Bradley,103.9,99.7,0.6155,48.9,47.7,20.0,20.3,31.3,29.0,37.8,35.6,46.6,46.2,35.6,33.3,67.0,-5.6,0.5882352941176471,0,0,0,1,0,0,0,0,0,0,0,0,0,0,0,0,0,0,0,0,0,0,0,1
Eastern Washington,107.4,103.3,0.6107,54.0,51.0,16.8,16.9,21.6,25.0,28.0,35.4,52.0,49.6,37.9,35.8,67.9,-7.1,0.48484848484848486,0,0,0,1,0,0,0,0,0,0,0,0,0,0,0,0,0,0,0,0,0,0,0,1
UC Santa Barbara,110.2,106.2,0.6045,53.0,49.9,14.9,16.6,28.7,27.0,32.0,29.5,50.5,48.9,38.3,34.4,67.9,-3.9,0.7333333333333333,0,0,0,1,0,0,0,0,0,0,0,0,0,0,0,0,0,0,0,0,0,0,0,1
Wyoming,104.6,101.2,0.5944,52.1,51.0,17.6,19.1,19.5,25.7,41.2,37.8,52.7,48.6,34.2,37.0,74.5,-3.8,0.25806451612903225,0,0,0,1,0,0,0,0,0,0,0,0,0,0,0,0,0,0,0,0,0,0,0,1
Rutgers,98.1,95.0,0.589,43.6,48.0,17.2,20.5,33.3,29.1,30.5,30.8,43.4,47.6,29.6,32.5,67.2,-6.8,0.45161290322580644,0,0,0,1,0,0,0,0,0,0,0,0,0,0,0,0,0,0,0,0,0,0,0,1
UT Arlington,104.7,101.5,0.5886,52.5,49.2,20.1,19.3,30.8,27.7,34.8,34.7,51.0,47.9,36.5,33.9,73.9,-6.2,0.53125,0,0,0,1,0,0,0,0,0,0,0,0,0,0,0,0,0,0,0,0,0,0,0,1
Harvard,100.8,97.8,0.5854,50.4,49.0,20.5,18.4,26.5,23.1,27.6,35.2,48.5,47.7,35.4,34.1,66.8,-6.8,0.6333333333333333,0,0,0,1,0,0,0,0,0,0,0,0,0,0,0,0,0,0,0,0,0,0,0,1
La Salle,104.6,101.6,0.5849,49.0,51.7,16.5,17.5,25.5,25.4,31.0,33.8,48.8,48.8,32.9,38.1,70.1,-11.1,0.3225806451612903,0,0,0,1,0,0,0,0,0,0,0,0,0,0,0,0,0,0,0,0,0,0,0,1
VCU,105.5,102.7,0.5788,52.6,51.5,18.7,17.8,29.0,27.0,28.1,29.4,52.4,50.9,35.2,35.1,72.0,-7.0,0.7575757575757576,0,0,0,1,0,0,0,0,0,0,0,0,0,0,0,0,0,0,0,0,0,0,0,1
North Texas,105.5,102.8,0.5741,51.2,48.6,18.7,17.3,30.2,25.7,33.6,38.8,50.0,49.1,35.4,31.9,68.5,-10.2,0.7,0,0,0,1,0,0,0,0,0,0,0,0,0,0,0,0,0,0,0,0,0,0,0,1
Florida Gulf Coast,105.8,103.2,0.5707,55.3,49.9,19.5,18.9,31.3,26.7,33.4,35.1,54.9,49.2,37.3,34.0,72.2,-6.4,0.4666666666666667,0,0,0,1,0,0,0,0,0,0,0,0,0,0,0,0,0,0,0,0,0,0,0,1
UC Davis,103.2,100.8,0.5691,52.0,49.4,18.6,21.9,24.4,29.1,38.5,36.5,50.7,49.2,36.6,33.0,67.5,-4.4,0.3793103448275862,0,0,0,1,0,0,0,0,0,0,0,0,0,0,0,0,0,0,0,0,0,0,0,1
College of Charleston,106.8,104.3,0.5685,52.7,49.9,15.1,17.8,25.5,27.9,36.6,32.1,52.0,48.7,35.9,34.6,66.0,-2.1,0.75,0,0,0,0,0,1,0,0,0,0,0,0,0,0,0,0,0,0,0,1,0,0,0,0
Evansville,97.6,95.4,0.5674,48.7,49.8,20.9,20.9,23.9,26.1,34.6,32.9,44.5,48.5,39.8,34.4,66.7,-7.7,0.36666666666666664,0,0,0,1,0,0,0,0,0,0,0,0,0,0,0,0,0,0,0,0,0,0,0,1
Wright St.,99.4,97.2,0.5638,48.6,48.3,18.6,21.0,28.7,25.3,35.3,29.9,47.7,45.8,33.5,34.7,69.3,-3.5,0.6363636363636364,0,0,0,0,0,1,0,0,0,0,0,0,0,0,0,0,0,0,0,0,1,0,0,0
Utah St.,106.1,103.8,0.5631,53.2,51.9,18.8,17.6,25.4,26.4,33.2,33.3,52.5,50.7,36.0,36.0,68.0,-8.0,0.8235294117647058,0,0,0,1,0,0,0,0,0,0,0,0,0,0,0,0,0,0,0,0,0,0,0,1
Eastern Michigan,101.3,99.1,0.563,51.4,47.5,18.7,20.1,30.4,32.7,29.2,31.6,52.0,44.6,33.6,34.6,66.0,-6.6,0.5357142857142857,0,0,0,1,0,0,0,0,0,0,0,0,0,0,0,0,0,0,0,0,0,0,0,1
UC Irvine,99.4,97.3,0.5585,48.1,45.0,20.5,14.8,32.3,24.8,28.2,41.2,47.5,42.9,33.0,32.8,68.2,-9.1,0.8611111111111112,0,0,0,1,0,0,0,0,0,0,0,0,0,0,0,0,0,0,0,0,0,0,0,1
Saint Louis,101.3,99.3,0.5572,47.1,49.3,19.5,18.3,33.8,27.0,45.8,35.1,46.6,47.7,32.0,34.8,65.3,-7.9,0.6388888888888888,0,0,0,1,0,0,0,0,0,0,0,0,0,0,0,0,0,0,0,0,0,0,0,1
Illinois St.,104.4,102.5,0.5537,49.8,49.0,18.9,18.1,26.0,31.5,33.8,38.3,49.4,50.3,33.6,31.3,70.1,-5.9,0.53125,0,0,0,1,0,0,0,0,0,0,0,0,0,0,0,0,0,0,0,0,0,0,0,1
Louisiana Tech,106.2,104.3,0.5516,50.9,50.6,17.9,18.2,27.4,29.0,36.5,32.1,48.2,48.6,36.7,36.4,68.5,-9.0,0.6451612903225806,0,0,0,1,0,0,0,0,0,0,0,0,0,0,0,0,0,0,0,0,0,0,0,1
Indiana St.,103.2,101.4,0.5506,49.5,51.4,20.1,19.8,27.6,23.6,34.1,42.1,46.5,50.1,35.9,35.7,71.1,-10.3,0.5172413793103449,0,0,0,1,0,0,0,0,0,0,0,0,0,0,0,0,0,0,0,0,0,0,0,1
Drake,105.6,103.8,0.5496,50.4,51.6,17.2,16.9,23.6,27.9,32.3,24.5,48.4,52.3,35.6,33.6,69.3,-8.1,0.75,0,0,0,1,0,0,0,0,0,0,0,0,0,0,0,0,0,0,0,0,0,0,0,1
San Francisco,101.8,100.1,0.5476,49.4,48.9,17.4,17.0,28.0,25.7,29.3,36.9,48.4,48.5,33.8,33.3,68.0,-7.1,0.7,0,0,0,1,0,0,0,0,0,0,0,0,0,0,0,0,0,0,0,0,0,0,0,1
Southern Illinois,104.4,102.8,0.5446,52.2,50.5,18.7,19.9,25.9,29.0,32.4,34.1,51.5,50.9,35.7,33.3,67.9,-5.3,0.53125,0,0,0,1,0,0,0,0,0,0,0,0,0,0,0,0,0,0,0,0,0,0,0,1
Memphis,107.6,106.0,0.5439,50.7,50.8,20.4,18.9,35.1,33.7,43.6,32.4,52.3,47.6,31.7,37.0,67.4,-4.4,0.6111111111111112,0,0,0,1,0,0,0,0,0,0,0,0,0,0,0,0,0,0,0,0,0,0,0,1
Canisius,105.9,104.4,0.5411,54.2,50.5,18.7,21.6,29.9,30.4,29.9,37.2,55.9,51.7,34.8,32.1,70.0,-6.5,0.46875,0,0,0,1,0,0,0,0,0,0,0,0,0,0,0,0,0,0,0,0,0,0,0,1
Dayton,108.3,106.8,0.5405,55.5,54.4,20.2,18.4,25.8,27.5,31.8,29.2,59.5,52.5,33.7,38.3,67.2,-9.6,0.6363636363636364,0,0,0,1,0,0,0,0,0,0,0,0,0,0,0,0,0,0,0,0,0,0,0,1
Lipscomb,103.2,101.8,0.5375,51.5,52.0,20.0,19.9,27.4,24.3,40.6,38.4,53.2,52.8,32.7,33.8,75.9,-3.2,0.8285714285714286,0,0,0,0,0,1,0,0,0,0,0,0,0,0,0,0,0,0,0,0,0,1,0,0
Albany,106.1,104.8,0.5371,50.5,50.6,17.5,17.0,34.6,24.3,37.0,27.1,48.7,51.6,36.8,32.6,67.4,-6.0,0.3870967741935484,0,0,0,1,0,0,0,0,0,0,0,0,0,0,0,0,0,0,0,0,0,0,0,1
Idaho,107.9,106.6,0.5348,54.7,50.1,19.4,16.1,31.1,24.2,30.4,30.2,50.3,48.1,41.1,35.2,66.8,-4.5,0.1724137931034483,0,0,0,1,0,0,0,0,0,0,0,0,0,0,0,0,0,0,0,0,0,0,0,1
Iona,108.8,107.6,0.5333,53.9,52.5,16.0,18.8,24.5,30.8,30.2,28.6,51.5,51.7,38.3,35.8,71.5,-7.3,0.5151515151515151,0,0,0,0,0,1,0,0,0,0,0,0,0,0,0,0,0,0,0,0,0,1,0,0
Rider,107.8,106.8,0.527,52.6,52.8,17.6,20.5,33.5,28.6,42.1,36.8,52.0,50.5,35.8,37.1,74.9,-3.4,0.5161290322580645,0,0,0,1,0,0,0,0,0,0,0,0,0,0,0,0,0,0,0,0,0,0,0,1
UTSA,104.0,103.2,0.523,51.1,49.4,17.1,16.3,26.5,27.3,29.6,41.6,49.3,47.8,35.5,34.7,73.0,-7.1,0.6071428571428571,0,0,0,1,0,0,0,0,0,0,0,0,0,0,0,0,0,0,0,0,0,0,0,1
Georgia Southern,104.8,104.0,0.5225,49.2,49.7,16.1,20.3,30.3,31.9,38.2,35.2,48.4,50.4,33.6,32.4,69.9,-6.5,0.6774193548387096,0,0,0,1,0,0,0,0,0,0,0,0,0,0,0,0,0,0,0,0,0,0,0,1
Jacksonville St.,100.7,99.9,0.5217,50.2,48.4,19.2,19.3,33.4,26.2,30.4,32.4,51.3,47.3,31.8,33.3,67.2,-6.7,0.7741935483870968,0,0,0,1,0,0,0,0,0,0,0,0,0,0,0,0,0,0,0,0,0,0,0,1
Hofstra,110.0,109.4,0.5169,53.2,54.2,15.6,16.3,30.6,27.5,36.5,32.5,51.6,54.3,37.3,36.0,70.0,-6.1,0.7941176470588235,0,0,0,1,0,0,0,0,0,0,0,0,0,0,0,0,0,0,0,0,0,0,0,1
Mercer,111.1,110.5,0.5157,54.3,53.1,18.8,16.5,31.4,24.9,35.7,33.6,52.7,52.5,37.8,35.8,65.4,-8.2,0.3793103448275862,0,0,0,1,0,0,0,0,0,0,0,0,0,0,0,0,0,0,0,0,0,0,0,1
Wofford,108.0,107.8,0.5047,55.2,53.3,18.2,18.7,25.0,27.1,28.5,34.0,50.9,52.4,40.2,36.4,67.1,-5.9,0.9375,0,0,0,1,0,0,0,0,0,0,0,0,0,0,0,0,0,0,0,0,0,0,0,1
Valparaiso,101.5,101.5,0.502,50.8,48.5,21.2,19.5,26.7,28.0,36.7,44.1,50.5,48.6,34.1,32.2,70.9,-9.7,0.4838709677419355,0,0,0,1,0,0,0,0,0,0,0,0,0,0,0,0,0,0,0,0,0,0,0,1
Central Michigan,109.5,109.4,0.5009,51.0,52.5,17.0,17.9,31.1,31.0,33.7,27.2,50.5,53.1,34.4,34.5,68.3,-9.1,0.71875,0,0,0,1,0,0,0,0,0,0,0,0,0,0,0,0,0,0,0,0,0,0,0,1
UMBC,102.1,102.2,0.4963,52.2,51.6,17.2,20.7,25.9,28.3,30.2,30.8,48.1,51.0,38.2,35.0,69.3,-4.9,0.6774193548387096,0,0,0,0,1,0,0,0,0,0,0,0,0,0,0,0,0,0,0,0,0,0,1,0
George Washington,103.9,104.1,0.4952,49.5,51.4,19.2,17.1,31.7,30.0,28.9,28.1,50.2,50.3,32.1,35.7,66.8,-9.7,0.2727272727272727,0,0,0,1,0,0,0,0,0,0,0,0,0,0,0,0,0,0,0,0,0,0,0,1
Portland St.,106.8,107.0,0.494,49.2,55.0,16.5,22.0,34.7,30.5,33.3,43.3,48.9,54.0,33.2,38.0,75.7,-6.8,0.5517241379310345,0,0,0,1,0,0,0,0,0,0,0,0,0,0,0,0,0,0,0,0,0,0,0,1
Oakland,105.7,106.2,0.4866,52.0,50.8,18.1,16.9,28.0,28.6,35.5,27.8,51.4,48.5,35.2,37.3,72.0,-8.0,0.5,0,0,0,1,0,0,0,0,0,0,0,0,0,0,0,0,0,0,0,0,0,0,0,1
William & Mary,114.0,114.8,0.4815,59.5,56.8,17.2,14.4,21.2,25.4,33.4,32.4,56.6,57.2,42.2,37.4,71.0,-6.2,0.4666666666666667,0,0,0,1,0,0,0,0,0,0,0,0,0,0,0,0,0,0,0,0,0,0,0,1
Ball St.,102.0,102.7,0.4797,51.4,49.4,18.4,16.7,28.0,27.5,33.2,30.0,51.7,46.3,33.9,36.6,71.1,-6.8,0.5,0,0,0,1,0,0,0,0,0,0,0,0,0,0,0,0,0,0,0,0,0,0,0,1
Weber St.,105.4,106.1,0.4784,56.0,50.1,17.5,15.9,19.3,26.8,35.1,31.8,52.5,49.2,41.0,34.7,68.5,-6.1,0.5806451612903226,0,0,0,1,0,0,0,0,0,0,0,0,0,0,0,0,0,0,0,0,0,0,0,1
Tulane,105.4,106.2,0.4774,51.5,50.5,18.8,17.2,27.5,30.0,34.5,34.6,50.9,49.8,35.0,34.5,70.3,-8.7,0.12903225806451613,0,0,0,1,0,0,0,0,0,0,0,0,0,0,0,0,0,0,0,0,0,0,0,1
Cal St. Fullerton,101.6,102.5,0.476,51.6,48.2,20.7,18.2,26.0,28.9,45.6,35.2,52.0,45.0,33.8,36.4,70.7,-5.5,0.5,0,0,0,0,0,1,0,0,0,0,0,0,0,0,0,0,0,0,0,0,0,1,0,0
Pacific,105.2,106.1,0.4756,48.5,53.0,17.2,18.3,30.3,27.3,40.5,35.2,48.4,51.7,32.6,36.6,67.6,-10.2,0.4666666666666667,0,0,0,1,0,0,0,0,0,0,0,0,0,0,0,0,0,0,0,0,0,0,0,1
Richmond,107.1,108.0,0.4755,52.1,55.4,16.9,19.0,23.4,28.3,29.7,31.4,53.2,55.3,33.4,37.2,69.1,-11.4,0.3939393939393939,0,0,0,1,0,0,0,0,0,0,0,0,0,0,0,0,0,0,0,0,0,0,0,1
Seattle,103.7,104.6,0.4744,51.0,47.2,19.6,15.5,29.7,27.9,34.5,41.0,47.4,44.8,37.2,34.5,68.5,-7.4,0.5806451612903226,0,0,0,1,0,0,0,0,0,0,0,0,0,0,0,0,0,0,0,0,0,0,0,1
Austin Peay,104.7,105.6,0.4734,49.9,54.0,19.8,22.1,34.7,28.9,35.9,39.9,49.0,53.0,34.8,37.1,70.2,-7.5,0.7096774193548387,0,0,0,1,0,0,0,0,0,0,0,0,0,0,0,0,0,0,0,0,0,0,0,1
Princeton,104.9,106.1,0.4689,53.9,52.2,16.4,16.6,22.0,24.8,26.2,32.5,52.1,51.2,37.3,35.9,65.6,-10.1,0.6153846153846154,0,0,0,1,0,0,0,0,0,0,0,0,0,0,0,0,0,0,0,0,0,0,0,1
Troy,104.7,105.9,0.4676,51.4,50.2,18.0,16.6,26.9,28.9,33.6,31.6,52.1,49.7,33.7,34.0,69.4,-10.5,0.42857142857142855,0,0,0,1,0,0,0,0,0,0,0,0,0,0,0,0,0,0,0,0,0,0,0,1
Ohio,99.9,101.0,0.4672,51.0,49.9,18.0,18.1,22.4,26.4,30.9,30.1,48.4,50.7,37.2,32.4,72.7,-10.9,0.4666666666666667,0,0,0,1,0,0,0,0,0,0,0,0,0,0,0,0,0,0,0,0,0,0,0,1
Fort Wayne,106.9,108.2,0.4657,52.9,53.8,15.7,19.9,25.6,26.6,31.6,29.7,51.3,53.4,36.6,36.4,73.8,-8.2,0.6,0,0,0,1,0,0,0,0,0,0,0,0,0,0,0,0,0,0,0,0,0,0,0,1
Towson,104.0,105.5,0.4584,51.6,50.6,18.2,18.7,34.3,27.4,35.4,39.3,51.1,49.4,35.3,35.0,69.0,-9.1,0.3225806451612903,0,0,0,1,0,0,0,0,0,0,0,0,0,0,0,0,0,0,0,0,0,0,0,1
UNC Asheville,105.1,106.7,0.4561,54.6,52.5,19.4,18.5,24.0,26.8,31.3,33.9,52.0,52.4,39.4,35.1,70.6,-6.2,0.14285714285714285,0,0,0,1,0,0,0,0,0,0,0,0,0,0,0,0,0,0,0,0,0,0,0,1
Radford,101.3,102.8,0.4559,49.3,50.1,18.7,20.2,32.0,28.0,31.2,31.7,47.1,48.9,35.0,34.6,64.2,-6.5,0.7333333333333333,0,0,0,0,0,1,0,0,0,0,0,0,0,0,0,0,0,0,0,0,0,0,1,0
Connecticut,104.1,105.8,0.4549,47.5,51.1,18.5,18.3,29.4,32.7,32.4,33.9,46.6,48.5,32.6,36.4,68.1,-7.0,0.48484848484848486,0,0,0,1,0,0,0,0,0,0,0,0,0,0,0,0,0,0,0,0,0,0,0,1
North Dakota St.,103.3,104.9,0.4541,53.7,49.6,18.4,14.4,23.0,25.2,30.4,33.5,52.5,47.8,36.8,35.3,67.6,-10.0,0.5757575757575758,0,0,0,1,0,0,0,0,0,0,0,0,0,0,0,0,0,0,0,0,0,0,0,1
Monmouth,102.7,104.3,0.4537,52.3,51.4,20.9,18.3,26.6,26.9,44.1,41.6,49.3,49.9,38.9,35.4,71.2,-13.7,0.4,0,0,0,1,0,0,0,0,0,0,0,0,0,0,0,0,0,0,0,0,0,0,0,1
Winthrop,104.8,106.6,0.4528,54.8,49.7,19.7,18.6,26.2,27.2,35.9,32.1,54.8,48.1,36.5,34.9,72.8,-7.6,0.6666666666666666,0,0,0,1,0,0,0,0,0,0,0,0,0,0,0,0,0,0,0,0,0,0,0,1
Illinois Chicago,100.2,102.0,0.45,50.6,46.7,20.8,17.2,28.8,30.4,35.3,34.2,49.8,45.8,34.9,32.3,73.3,-10.0,0.5333333333333333,0,0,0,1,0,0,0,0,0,0,0,0,0,0,0,0,0,0,0,0,0,0,0,1
Miami OH,100.0,101.9,0.4475,50.1,51.4,19.3,18.1,27.1,25.8,27.0,28.5,50.0,51.9,33.5,33.7,67.7,-10.5,0.5,0,0,0,1,0,0,0,0,0,0,0,0,0,0,0,0,0,0,0,0,0,0,0,1
Liberty,102.8,104.7,0.447,52.8,51.4,18.2,18.2,22.9,20.4,33.7,34.4,51.1,47.3,36.8,37.5,64.2,-9.7,0.8787878787878788,0,0,0,1,0,0,0,0,0,0,0,0,0,0,0,0,0,0,0,0,0,0,0,1
Washington St.,107.5,109.5,0.4469,54.1,53.5,19.4,16.4,24.6,31.2,24.7,28.5,51.7,54.2,37.7,34.9,69.6,-9.9,0.34375,0,0,0,1,0,0,0,0,0,0,0,0,0,0,0,0,0,0,0,0,0,0,0,1
Duquesne,104.8,106.8,0.4469,49.7,50.8,17.6,18.4,33.0,28.9,35.4,36.4,47.8,51.0,35.0,33.5,67.3,-11.0,0.59375,0,0,0,1,0,0,0,0,0,0,0,0,0,0,0,0,0,0,0,0,0,0,0,1
Nicholls St.,101.8,103.8,0.4465,51.9,50.2,20.4,21.1,30.5,30.6,37.3,45.2,51.6,49.7,34.8,34.1,75.2,-6.3,0.5185185185185185,0,0,0,1,0,0,0,0,0,0,0,0,0,0,0,0,0,0,0,0,0,0,0,1
Southeastern Louisiana,102.7,104.8,0.4426,51.2,49.6,19.6,20.3,29.5,33.6,35.3,29.0,50.9,48.4,34.4,34.6,67.2,-6.5,0.5483870967741935,0,0,0,1,0,0,0,0,0,0,0,0,0,0,0,0,0,0,0,0,0,0,0,1
Hawaii,99.1,101.4,0.4328,50.1,49.9,19.5,19.9,26.3,24.5,40.8,38.7,50.9,50.1,32.5,33.1,69.0,-8.5,0.6206896551724138,0,0,0,1,0,0,0,0,0,0,0,0,0,0,0,0,0,0,0,0,0,0,0,1
Western Michigan,105.3,108.0,0.4287,49.3,54.2,15.6,19.7,29.7,27.2,34.1,33.7,48.0,52.5,34.5,37.6,68.9,-9.5,0.25806451612903225,0,0,0,1,0,0,0,0,0,0,0,0,0,0,0,0,0,0,0,0,0,0,0,1
Yale,102.5,105.2,0.4244,52.7,52.4,18.8,17.7,25.4,26.7,31.0,33.8,55.3,53.4,32.8,33.7,70.2,-8.3,0.7586206896551724,0,0,0,1,0,0,0,0,0,0,0,0,0,0,0,0,0,0,0,0,0,0,0,1
Wagner,101.8,104.6,0.4236,49.8,49.0,19.7,20.4,35.8,28.6,34.2,46.7,47.0,45.8,36.0,36.2,68.8,-5.3,0.4642857142857143,0,0,0,1,0,0,0,0,0,0,0,0,0,0,0,0,0,0,0,0,0,0,0,1
Long Beach St.,104.6,107.5,0.4208,49.6,53.7,20.7,18.7,32.2,30.4,40.3,28.6,48.4,52.5,35.1,37.5,73.1,-10.2,0.46875,0,0,0,1,0,0,0,0,0,0,0,0,0,0,0,0,0,0,0,0,0,0,0,1
Massachusetts,106.4,109.6,0.4157,52.5,51.5,18.6,16.5,27.2,29.7,25.1,33.2,47.9,51.2,40.0,34.7,67.6,-12.8,0.34375,0,0,0,1,0,0,0,0,0,0,0,0,0,0,0,0,0,0,0,0,0,0,0,1
Southern Miss,104.7,107.9,0.4139,50.3,56.0,14.6,19.8,20.5,29.0,28.3,32.9,49.8,55.1,34.1,38.1,66.3,-9.9,0.6896551724137931,0,0,0,1,0,0,0,0,0,0,0,0,0,0,0,0,0,0,0,0,0,0,0,1
Denver,102.0,105.2,0.4133,52.4,51.3,21.8,15.7,30.6,24.9,32.8,37.0,49.2,52.0,39.5,33.5,67.5,-9.6,0.27586206896551724,0,0,0,1,0,0,0,0,0,0,0,0,0,0,0,0,0,0,0,0,0,0,0,1
Milwaukee,99.2,102.5,0.4086,50.9,50.1,18.1,18.0,25.1,23.8,27.7,27.4,50.9,46.5,33.9,37.4,66.8,-10.9,0.3,0,0,0,1,0,0,0,0,0,0,0,0,0,0,0,0,0,0,0,0,0,0,0,1
Colgate,104.5,107.9,0.4084,51.5,53.2,16.4,19.4,25.6,27.6,29.0,29.4,49.0,51.8,36.3,36.7,67.6,-8.6,0.7058823529411765,0,0,0,1,0,0,0,0,0,0,0,0,0,0,0,0,0,0,0,0,0,0,0,1
Appalachian St.,102.5,106.3,0.3985,49.9,51.3,18.9,17.2,29.5,25.6,36.8,36.6,49.9,48.7,33.3,37.9,71.2,-12.4,0.3793103448275862,0,0,0,1,0,0,0,0,0,0,0,0,0,0,0,0,0,0,0,0,0,0,0,1
Idaho St.,104.2,108.1,0.394,55.0,52.5,18.5,16.7,19.8,28.1,34.5,31.0,52.4,53.1,39.4,34.3,69.2,-11.3,0.39285714285714285,0,0,0,1,0,0,0,0,0,0,0,0,0,0,0,0,0,0,0,0,0,0,0,1
FIU,98.6,102.4,0.3927,47.1,50.6,15.6,19.8,25.9,27.4,36.5,34.8,47.2,50.6,31.3,33.7,69.9,-13.0,0.6666666666666666,0,0,0,1,0,0,0,0,0,0,0,0,0,0,0,0,0,0,0,0,0,0,0,1
Lamar,101.1,105.1,0.3909,48.5,51.7,17.9,21.9,31.7,27.8,36.3,38.3,46.7,51.3,34.4,35.0,68.8,-9.7,0.6896551724137931,0,0,0,1,0,0,0,0,0,0,0,0,0,0,0,0,0,0,0,0,0,0,0,1
Kent St.,101.7,105.8,0.3863,48.7,51.1,18.7,18.0,31.4,30.5,32.5,33.4,48.8,51.2,32.4,33.9,69.8,-10.5,0.7096774193548387,0,0,0,1,0,0,0,0,0,0,0,0,0,0,0,0,0,0,0,0,0,0,0,1
George Mason,101.4,105.6,0.3854,49.1,52.1,18.2,16.1,27.9,26.7,31.8,30.8,49.1,51.5,32.6,35.3,70.1,-9.8,0.5454545454545454,0,0,0,1,0,0,0,0,0,0,0,0,0,0,0,0,0,0,0,0,0,0,0,1
Coastal Carolina,101.0,105.2,0.3849,49.0,49.6,22.0,18.0,34.2,28.4,38.8,40.2,48.4,47.4,33.3,34.9,68.9,-13.1,0.53125,0,0,0,1,0,0,0,0,0,0,0,0,0,0,0,0,0,0,0,0,0,0,0,1
Texas St.,99.7,104.2,0.3765,48.8,51.7,20.9,19.4,31.9,27.7,36.3,30.0,48.4,53.1,33.1,33.0,64.0,-12.9,0.75,0,0,0,1,0,0,0,0,0,0,0,0,0,0,0,0,0,0,0,0,0,0,0,1
Louisiana Monroe,100.1,104.6,0.375,49.9,51.4,17.8,18.6,25.2,28.7,24.3,30.7,47.0,50.2,35.6,35.3,67.1,-9.5,0.5588235294117647,0,0,0,1,0,0,0,0,0,0,0,0,0,0,0,0,0,0,0,0,0,0,0,1
South Alabama,96.8,101.2,0.3748,48.4,47.3,20.9,18.4,25.7,29.6,37.7,38.0,48.3,47.9,32.3,30.9,71.4,-12.4,0.53125,0,0,0,1,0,0,0,0,0,0,0,0,0,0,0,0,0,0,0,0,0,0,0,1
Fairfield,101.0,105.6,0.3743,51.4,52.5,17.4,18.8,24.4,27.1,30.9,36.8,51.8,49.0,33.9,39.3,71.6,-10.5,0.2903225806451613,0,0,0,1,0,0,0,0,0,0,0,0,0,0,0,0,0,0,0,0,0,0,0,1
Columbia,107.9,113.0,0.3698,52.4,54.2,17.8,18.2,27.0,29.4,24.5,32.0,49.9,51.6,37.2,38.4,71.1,-13.6,0.38461538461538464,0,0,0,1,0,0,0,0,0,0,0,0,0,0,0,0,0,0,0,0,0,0,0,1
Tennessee St.,96.3,101.0,0.3673,49.3,52.7,21.9,23.3,25.5,27.7,37.8,35.4,48.1,51.3,33.9,36.1,66.7,-9.5,0.32142857142857145,0,0,0,1,0,0,0,0,0,0,0,0,0,0,0,0,0,0,0,0,0,0,0,1
Colorado St.,102.0,107.0,0.3659,47.5,53.7,18.8,17.4,30.6,28.1,33.8,35.9,46.4,53.7,33.0,35.8,71.0,-11.9,0.3870967741935484,0,0,0,1,0,0,0,0,0,0,0,0,0,0,0,0,0,0,0,0,0,0,0,1
Stony Brook,96.1,100.9,0.3652,47.9,50.5,20.0,20.8,30.5,28.2,32.0,41.8,47.5,49.1,32.2,35.3,69.6,-12.7,0.75,0,0,0,1,0,0,0,0,0,0,0,0,0,0,0,0,0,0,0,0,0,0,0,1
Akron,102.4,107.5,0.3634,51.5,54.2,19.8,18.5,27.0,28.3,31.4,39.1,49.9,54.1,35.6,36.1,68.9,-12.1,0.5483870967741935,0,0,0,1,0,0,0,0,0,0,0,0,0,0,0,0,0,0,0,0,0,0,0,1
Sam Houston St.,101.0,106.1,0.3629,48.2,51.8,18.8,20.1,32.5,27.4,34.0,37.6,47.0,53.1,33.7,33.3,68.1,-9.4,0.7,0,0,0,1,0,0,0,0,0,0,0,0,0,0,0,0,0,0,0,0,0,0,0,1
Saint Peter's,94.5,99.3,0.3625,49.2,48.4,19.6,21.3,27.1,28.9,27.3,42.3,48.1,47.8,33.7,32.9,63.9,-13.0,0.3125,0,0,0,1,0,0,0,0,0,0,0,0,0,0,0,0,0,0,0,0,0,0,0,1
Hartford,101.8,107.0,0.3602,52.7,51.1,18.1,18.1,24.9,28.5,31.2,33.4,53.6,50.8,34.4,34.4,67.7,-9.0,0.5625,0,0,0,1,0,0,0,0,0,0,0,0,0,0,0,0,0,0,0,0,0,0,0,1
Campbell,104.9,110.3,0.3602,54.6,52.0,17.2,17.3,20.8,26.5,34.0,32.5,52.6,51.8,38.1,34.8,68.9,-11.5,0.6666666666666666,0,0,0,1,0,0,0,0,0,0,0,0,0,0,0,0,0,0,0,0,0,0,0,1
Air Force,99.8,105.0,0.3596,47.6,54.9,18.8,20.6,27.4,28.8,32.0,33.3,46.8,51.3,32.5,39.7,66.9,-11.8,0.45161290322580644,0,0,0,1,0,0,0,0,0,0,0,0,0,0,0,0,0,0,0,0,0,0,0,1
Pittsburgh,98.2,103.3,0.3571,48.2,50.1,20.9,16.6,22.7,34.8,31.9,31.3,47.8,50.1,32.5,33.4,66.5,-10.9,0.42424242424242425,0,0,0,1,0,0,0,0,0,0,0,0,0,0,0,0,0,0,0,0,0,0,0,1
Tennessee Tech,97.4,102.6,0.3558,49.0,51.0,19.8,20.3,28.2,30.1,37.7,36.6,47.5,51.6,34.5,33.4,72.0,-7.9,0.27586206896551724,0,0,0,1,0,0,0,0,0,0,0,0,0,0,0,0,0,0,0,0,0,0,0,1
Navy,97.6,102.8,0.3551,49.6,53.2,21.3,21.3,31.7,22.2,36.2,34.0,50.2,51.8,32.3,36.8,66.8,-8.1,0.3870967741935484,0,0,0,1,0,0,0,0,0,0,0,0,0,0,0,0,0,0,0,0,0,0,0,1
Central Arkansas,104.2,109.8,0.3542,51.7,50.9,18.3,19.0,27.2,33.1,36.1,37.9,50.7,49.4,35.6,36.0,73.9,-10.6,0.4666666666666667,0,0,0,1,0,0,0,0,0,0,0,0,0,0,0,0,0,0,0,0,0,0,0,1
Lehigh,105.2,111.0,0.3511,52.9,52.4,17.4,16.0,25.3,26.8,25.8,30.7,47.7,53.1,40.6,34.3,71.9,-9.7,0.6451612903225806,0,0,0,1,0,0,0,0,0,0,0,0,0,0,0,0,0,0,0,0,0,0,0,1
Manhattan,98.5,104.0,0.3501,51.6,50.1,22.7,21.5,31.0,32.1,37.6,41.0,46.8,49.1,40.0,34.5,67.1,-12.3,0.34375,0,0,0,1,0,0,0,0,0,0,0,0,0,0,0,0,0,0,0,0,0,0,0,1
Niagara,107.8,113.9,0.3486,50.8,52.6,15.0,15.5,30.9,31.0,38.0,29.5,49.2,50.2,35.8,38.0,74.7,-8.2,0.40625,0,0,0,1,0,0,0,0,0,0,0,0,0,0,0,0,0,0,0,0,0,0,0,1
James Madison,100.7,106.4,0.3462,48.0,52.8,16.5,18.5,28.9,28.2,34.1,42.0,46.7,50.9,33.5,37.2,69.1,-16.5,0.45161290322580644,0,0,0,1,0,0,0,0,0,0,0,0,0,0,0,0,0,0,0,0,0,0,0,1
St. Francis PA,104.1,110.2,0.3424,52.8,53.6,16.5,18.6,25.7,31.1,33.5,23.4,51.2,53.8,37.0,35.5,69.7,-7.7,0.5806451612903226,0,0,0,1,0,0,0,0,0,0,0,0,0,0,0,0,0,0,0,0,0,0,0,1
NJIT,99.1,105.0,0.341,49.8,53.0,18.5,20.3,30.0,28.6,32.9,33.7,48.1,51.9,35.3,36.9,68.4,-11.5,0.6470588235294118,0,0,0,1,0,0,0,0,0,0,0,0,0,0,0,0,0,0,0,0,0,0,0,1
Bowling Green,101.4,107.4,0.3406,47.3,52.3,17.6,16.8,29.7,26.5,36.6,32.0,45.1,51.2,34.3,36.3,71.5,-10.8,0.6875,0,0,0,1,0,0,0,0,0,0,0,0,0,0,0,0,0,0,0,0,0,0,0,1
Loyola Marymount,106.2,112.6,0.3373,49.3,57.5,19.2,19.8,34.6,31.2,32.5,42.8,48.2,57.7,34.6,38.1,68.0,-12.3,0.6875,0,0,0,1,0,0,0,0,0,0,0,0,0,0,0,0,0,0,0,0,0,0,0,1
UNC Wilmington,104.3,110.6,0.3369,48.9,56.6,17.3,15.6,33.8,25.5,31.1,36.9,47.4,54.8,34.5,39.6,73.3,-14.9,0.3125,0,0,0,1,0,0,0,0,0,0,0,0,0,0,0,0,0,0,0,0,0,0,0,1
Delaware,101.8,108.0,0.3351,50.3,52.9,15.8,14.9,26.0,26.2,34.4,29.6,50.7,51.2,32.9,37.0,66.9,-13.8,0.5483870967741935,0,0,0,1,0,0,0,0,0,0,0,0,0,0,0,0,0,0,0,0,0,0,0,1
Cal St. Bakersfield,96.6,102.5,0.335,46.5,50.5,20.7,19.2,30.7,28.7,34.7,44.7,47.5,48.5,29.8,35.5,66.8,-11.4,0.5806451612903226,0,0,0,1,0,0,0,0,0,0,0,0,0,0,0,0,0,0,0,0,0,0,0,1
California,97.1,103.2,0.3301,44.5,54.5,20.8,19.7,34.8,30.6,38.1,38.4,45.1,51.6,28.6,39.4,69.9,-13.3,0.25806451612903225,0,0,0,1,0,0,0,0,0,0,0,0,0,0,0,0,0,0,0,0,0,0,0,1
UTEP,96.8,103.0,0.3286,49.3,50.6,17.8,17.4,19.0,27.0,30.9,36.4,49.0,48.8,33.1,35.3,68.9,-13.7,0.2962962962962963,0,0,0,1,0,0,0,0,0,0,0,0,0,0,0,0,0,0,0,0,0,0,0,1
Mount St. Mary's,102.8,109.5,0.3262,54.1,51.7,16.2,20.2,20.5,35.4,29.1,27.3,52.3,51.6,37.3,34.6,66.0,-10.1,0.3103448275862069,0,0,0,1,0,0,0,0,0,0,0,0,0,0,0,0,0,0,0,0,0,0,0,1
Pepperdine,105.1,112.0,0.3236,49.5,57.0,17.2,15.5,28.5,26.4,35.2,33.5,48.8,54.7,34.2,40.1,68.6,-17.9,0.48484848484848486,0,0,0,1,0,0,0,0,0,0,0,0,0,0,0,0,0,0,0,0,0,0,0,1
Oral Roberts,104.8,111.8,0.3222,48.9,54.2,19.0,15.3,35.0,30.9,24.3,31.2,47.7,53.9,34.2,36.5,66.7,-12.0,0.36666666666666664,0,0,0,1,0,0,0,0,0,0,0,0,0,0,0,0,0,0,0,0,0,0,0,1
Eastern Illinois,99.4,106.1,0.3191,47.7,52.0,20.4,19.3,29.9,29.9,32.2,33.4,44.6,48.5,35.3,38.5,66.8,-13.2,0.45161290322580644,0,0,0,1,0,0,0,0,0,0,0,0,0,0,0,0,0,0,0,0,0,0,0,1
Florida Atlantic,95.5,102.0,0.3187,43.9,49.2,18.2,16.6,28.5,27.5,29.0,32.6,42.3,49.1,31.9,32.9,70.2,-12.7,0.5666666666666667,0,0,0,1,0,0,0,0,0,0,0,0,0,0,0,0,0,0,0,0,0,0,0,1
North Dakota,102.0,109.0,0.3181,51.8,56.4,17.4,19.7,19.8,29.5,35.5,34.1,51.4,56.0,35.1,38.0,72.9,-12.6,0.46153846153846156,0,0,0,1,0,0,0,0,0,0,0,0,0,0,0,0,0,0,0,0,0,0,0,1
Cornell,104.8,112.2,0.3131,52.5,53.3,18.5,15.7,24.4,30.2,35.1,28.8,54.0,49.9,33.4,39.3,70.6,-10.9,0.5172413793103449,0,0,0,1,0,0,0,0,0,0,0,0,0,0,0,0,0,0,0,0,0,0,0,1
Southern Utah,100.7,108.1,0.3062,50.4,54.6,17.4,16.6,22.6,25.9,35.9,41.6,48.2,53.2,36.1,38.2,72.8,-12.3,0.53125,0,0,0,1,0,0,0,0,0,0,0,0,0,0,0,0,0,0,0,0,0,0,0,1
Charleston Southern,99.9,107.3,0.3058,49.0,53.9,19.5,22.1,30.2,28.1,31.3,35.1,49.0,49.9,32.6,39.2,67.5,-11.5,0.6,0,0,0,1,0,0,0,0,0,0,0,0,0,0,0,0,0,0,0,0,0,0,0,1
Gardner Webb,97.6,104.8,0.305,49.1,50.4,20.1,17.1,25.2,27.3,28.0,37.3,48.1,50.8,34.0,33.2,69.0,-12.1,0.71875,0,0,0,1,0,0,0,0,0,0,0,0,0,0,0,0,0,0,0,0,0,0,0,1
Hampton,100.1,107.6,0.3037,48.8,48.9,16.9,16.9,28.7,29.7,33.8,35.7,49.1,48.2,32.0,33.3,72.8,-11.1,0.5625,0,0,0,1,0,0,0,0,0,0,0,0,0,0,0,0,0,0,0,0,0,0,0,1
Drexel,102.3,110.2,0.2981,49.6,52.2,17.3,15.6,30.8,30.7,31.8,30.6,50.2,51.1,32.2,36.3,70.1,-14.5,0.41935483870967744,0,0,0,1,0,0,0,0,0,0,0,0,0,0,0,0,0,0,0,0,0,0,0,1
Boston University,99.3,107.1,0.2953,52.8,52.8,20.1,20.1,28.3,29.6,32.8,30.0,51.1,52.2,37.3,35.8,68.7,-11.6,0.46875,0,0,0,1,0,0,0,0,0,0,0,0,0,0,0,0,0,0,0,0,0,0,0,1
Elon,102.6,110.7,0.2943,52.3,52.5,16.7,14.2,21.7,28.9,24.0,23.6,52.5,50.0,34.7,37.1,68.5,-12.0,0.36666666666666664,0,0,0,1,0,0,0,0,0,0,0,0,0,0,0,0,0,0,0,0,0,0,0,1
Southeast Missouri St.,107.2,115.6,0.2943,54.3,55.2,18.1,17.2,26.2,29.3,37.7,34.5,50.7,54.1,39.3,37.9,70.2,-12.3,0.3448275862068966,0,0,0,1,0,0,0,0,0,0,0,0,0,0,0,0,0,0,0,0,0,0,0,1
LIU Brooklyn,101.9,109.9,0.2937,52.1,50.0,19.5,16.5,29.4,29.8,38.7,31.8,52.3,50.5,34.6,32.8,72.8,-13.2,0.5161290322580645,0,0,0,0,0,0,1,0,0,0,0,0,0,0,0,0,0,0,0,0,0,0,1,0
Texas Southern,104.1,112.4,0.293,50.5,51.2,17.2,16.2,28.5,32.5,42.9,31.2,48.5,49.4,35.9,36.6,72.6,-10.9,0.6666666666666666,0,0,0,0,0,1,0,0,0,0,0,0,0,0,0,0,0,0,0,0,0,0,1,0
High Point,98.5,106.5,0.2907,49.3,50.1,19.1,20.4,30.9,28.9,34.1,40.1,47.6,48.8,35.9,34.8,66.8,-12.4,0.5517241379310345,0,0,0,1,0,0,0,0,0,0,0,0,0,0,0,0,0,0,0,0,0,0,0,1
Brown,101.0,109.2,0.2899,48.5,54.4,18.4,19.3,29.4,26.7,40.4,40.0,48.6,53.9,32.1,37.0,72.7,-11.6,0.6666666666666666,0,0,0,1,0,0,0,0,0,0,0,0,0,0,0,0,0,0,0,0,0,0,0,1
Montana St.,101.9,110.3,0.2875,47.8,54.9,17.1,18.4,28.7,27.7,39.0,36.4,46.1,55.9,33.8,35.5,70.8,-13.8,0.4838709677419355,0,0,0,1,0,0,0,0,0,0,0,0,0,0,0,0,0,0,0,0,0,0,0,1
Green Bay,99.8,108.0,0.2863,48.6,50.9,18.6,17.8,25.6,30.9,32.3,31.4,44.7,51.7,36.2,33.1,73.2,-14.4,0.5833333333333334,0,0,0,1,0,0,0,0,0,0,0,0,0,0,0,0,0,0,0,0,0,0,0,1
Portland,98.9,107.2,0.2856,50.6,52.4,18.1,15.8,19.2,31.4,34.6,33.5,46.5,51.7,38.3,35.7,68.3,-14.4,0.23333333333333334,0,0,0,1,0,0,0,0,0,0,0,0,0,0,0,0,0,0,0,0,0,0,0,1
Northern Illinois,102.1,110.6,0.2844,49.5,54.3,17.0,17.4,28.2,28.8,33.1,33.4,49.8,54.6,32.6,36.0,68.3,-13.0,0.53125,0,0,0,1,0,0,0,0,0,0,0,0,0,0,0,0,0,0,0,0,0,0,0,1
South Florida,98.9,107.6,0.2749,48.0,51.1,21.4,16.5,28.8,30.6,33.1,32.6,44.8,52.0,36.1,33.0,65.8,-14.9,0.6486486486486487,0,0,0,1,0,0,0,0,0,0,0,0,0,0,0,0,0,0,0,0,0,0,0,1
UMKC,98.3,107.3,0.2674,47.8,52.5,18.2,20.0,21.3,33.5,34.4,42.5,45.6,51.7,33.5,36.0,70.7,-14.2,0.3548387096774194,0,0,0,1,0,0,0,0,0,0,0,0,0,0,0,0,0,0,0,0,0,0,0,1
New Hampshire,98.0,107.0,0.2671,46.3,50.8,17.4,13.7,28.4,21.4,30.5,41.5,44.3,50.6,32.6,34.1,66.7,-16.0,0.18518518518518517,0,0,0,1,0,0,0,0,0,0,0,0,0,0,0,0,0,0,0,0,0,0,0,1
Arkansas St.,104.1,113.7,0.2646,49.4,56.0,18.6,18.8,30.2,31.3,33.1,35.3,49.2,55.3,33.2,38.2,70.8,-15.2,0.43333333333333335,0,0,0,1,0,0,0,0,0,0,0,0,0,0,0,0,0,0,0,0,0,0,0,1
Army,99.0,108.2,0.2638,52.3,52.4,18.8,19.7,27.1,27.6,24.5,38.1,48.8,51.1,38.1,36.2,71.5,-13.5,0.41935483870967744,0,0,0,1,0,0,0,0,0,0,0,0,0,0,0,0,0,0,0,0,0,0,0,1
Robert Morris,93.2,102.1,0.2596,47.4,50.5,20.9,22.3,31.2,31.2,34.3,36.2,45.9,51.1,33.2,32.8,70.6,-11.8,0.5454545454545454,0,0,0,1,0,0,0,0,0,0,0,0,0,0,0,0,0,0,0,0,0,0,0,1
Rice,98.9,108.4,0.2585,48.0,52.6,20.7,16.5,27.6,28.4,35.2,28.5,48.0,51.7,32.1,36.0,68.9,-17.4,0.43333333333333335,0,0,0,1,0,0,0,0,0,0,0,0,0,0,0,0,0,0,0,0,0,0,0,1
Holy Cross,97.7,107.2,0.2569,52.6,51.0,19.1,20.0,19.3,31.9,29.7,34.0,55.1,49.4,32.6,35.4,64.0,-15.0,0.48484848484848486,0,0,0,1,0,0,0,0,0,0,0,0,0,0,0,0,0,0,0,0,0,0,0,1
Santa Clara,99.0,108.6,0.2557,48.6,56.6,17.2,18.9,23.7,27.1,30.2,32.4,47.1,55.1,33.8,40.0,65.7,-12.5,0.5333333333333333,0,0,0,1,0,0,0,0,0,0,0,0,0,0,0,0,0,0,0,0,0,0,0,1
UMass Lowell,103.5,113.7,0.2528,52.1,55.4,18.7,20.3,26.3,32.5,39.2,33.5,52.4,55.0,34.4,37.5,72.6,-14.1,0.5,0,0,0,1,0,0,0,0,0,0,0,0,0,0,0,0,0,0,0,0,0,0,0,1
North Florida,107.1,117.9,0.2496,53.6,54.0,19.3,13.7,25.0,35.0,27.7,23.5,51.5,54.3,37.5,35.4,75.1,-10.9,0.5161290322580645,0,0,0,1,0,0,0,0,0,0,0,0,0,0,0,0,0,0,0,0,0,0,0,1
Western Illinois,96.4,106.1,0.2487,49.9,51.2,18.6,14.5,18.0,27.2,28.3,29.3,48.6,48.9,34.9,36.6,69.2,-11.0,0.3448275862068966,0,0,0,1,0,0,0,0,0,0,0,0,0,0,0,0,0,0,0,0,0,0,0,1
Quinnipiac,100.8,111.0,0.2485,50.3,53.6,19.4,16.3,27.8,28.5,37.0,30.1,49.8,50.2,33.9,39.6,67.7,-16.3,0.5161290322580645,0,0,0,1,0,0,0,0,0,0,0,0,0,0,0,0,0,0,0,0,0,0,0,1
Prairie View A&M,100.1,110.2,0.2483,48.9,52.7,18.5,22.5,31.3,32.8,39.2,47.9,49.2,54.4,32.3,33.2,72.1,-11.7,0.6470588235294118,0,0,0,1,0,0,0,0,0,0,0,0,0,0,0,0,0,0,0,0,0,0,0,1
Abilene Christian,96.5,106.6,0.2423,50.4,51.4,20.3,21.6,27.3,29.7,31.5,43.2,51.9,52.3,31.8,33.2,69.8,-11.3,0.9,0,0,0,1,0,0,0,0,0,0,0,0,0,0,0,0,0,0,0,0,0,0,0,1
IUPUI,97.6,108.0,0.2375,48.0,54.6,20.5,21.2,31.9,29.3,32.9,37.8,45.2,55.6,35.5,35.3,67.3,-13.5,0.5161290322580645,0,0,0,1,0,0,0,0,0,0,0,0,0,0,0,0,0,0,0,0,0,0,0,1
Lafayette,101.4,112.2,0.2368,53.3,52.0,19.3,14.7,21.0,27.2,28.8,26.0,51.4,52.2,37.4,34.4,69.4,-16.8,0.3448275862068966,0,0,0,1,0,0,0,0,0,0,0,0,0,0,0,0,0,0,0,0,0,0,0,1
Fairleigh Dickinson,101.7,112.7,0.2334,49.8,51.6,19.2,19.3,30.3,35.0,30.8,35.9,49.3,50.1,33.9,36.0,71.7,-13.1,0.6363636363636364,0,0,0,1,0,0,0,0,0,0,0,0,0,0,0,0,0,0,0,0,0,0,0,1
Eastern Kentucky,101.1,112.2,0.2315,49.8,55.3,19.1,19.1,27.1,31.9,33.4,35.0,48.2,52.9,35.1,39.8,69.4,-14.3,0.4482758620689655,0,0,0,1,0,0,0,0,0,0,0,0,0,0,0,0,0,0,0,0,0,0,0,1
UT Rio Grande Valley,97.4,108.3,0.2285,44.8,51.5,17.8,20.4,28.2,30.3,41.2,45.5,44.3,49.9,30.5,36.5,75.1,-10.8,0.5714285714285714,0,0,0,1,0,0,0,0,0,0,0,0,0,0,0,0,0,0,0,0,0,0,0,1
Nebraska Omaha,103.0,114.6,0.2275,51.3,55.8,18.0,15.7,24.9,30.7,27.3,28.2,50.0,54.7,35.8,38.4,71.7,-13.9,0.6774193548387096,0,0,0,1,0,0,0,0,0,0,0,0,0,0,0,0,0,0,0,0,0,0,0,1
Morehead St.,98.0,109.2,0.2243,48.2,55.2,22.1,19.9,31.0,29.9,36.7,40.9,48.5,56.0,31.8,36.0,69.9,-14.7,0.41935483870967744,0,0,0,1,0,0,0,0,0,0,0,0,0,0,0,0,0,0,0,0,0,0,0,1
Cleveland St.,97.9,109.2,0.2234,50.6,53.0,18.9,19.5,22.1,32.9,29.4,31.1,50.4,52.5,34.0,35.9,68.2,-16.7,0.3448275862068966,0,0,0,1,0,0,0,0,0,0,0,0,0,0,0,0,0,0,0,0,0,0,0,1
Fordham,94.1,104.9,0.2223,47.9,52.3,18.5,21.1,18.8,32.8,26.9,30.4,52.1,52.1,28.8,35.1,67.2,-14.9,0.3870967741935484,0,0,0,1,0,0,0,0,0,0,0,0,0,0,0,0,0,0,0,0,0,0,0,1
New Orleans,97.0,108.1,0.2222,48.8,53.2,21.9,22.3,32.6,30.9,41.5,38.3,47.3,51.6,35.6,37.6,67.1,-10.7,0.6551724137931034,0,0,0,1,0,0,0,0,0,0,0,0,0,0,0,0,0,0,0,0,0,0,0,1
UC Riverside,92.8,103.5,0.2216,45.1,49.1,20.0,19.3,26.8,31.8,32.4,38.2,44.1,48.5,31.3,33.3,69.5,-16.2,0.3333333333333333,0,0,0,1,0,0,0,0,0,0,0,0,0,0,0,0,0,0,0,0,0,0,0,1
McNeese St.,99.2,111.0,0.2155,48.8,49.8,19.0,15.2,29.3,33.3,32.7,31.5,47.3,48.4,34.6,35.0,71.0,-12.6,0.3333333333333333,0,0,0,1,0,0,0,0,0,0,0,0,0,0,0,0,0,0,0,0,0,0,0,1
Tennessee Martin,94.3,105.6,0.2149,49.8,50.7,21.6,19.0,28.5,32.0,24.1,34.1,50.7,48.9,32.2,35.1,67.4,-15.9,0.41379310344827586,0,0,0,1,0,0,0,0,0,0,0,0,0,0,0,0,0,0,0,0,0,0,0,1
San Jose St.,95.5,106.9,0.213,48.6,53.2,23.6,14.9,27.8,24.8,34.2,30.8,46.2,53.3,36.2,35.4,68.3,-18.5,0.13333333333333333,0,0,0,1,0,0,0,0,0,0,0,0,0,0,0,0,0,0,0,0,0,0,0,1
Sacramento St.,98.6,110.5,0.2122,49.0,52.7,17.9,17.5,24.1,29.5,27.8,33.4,47.7,50.9,34.6,37.2,66.9,-18.6,0.5357142857142857,0,0,0,1,0,0,0,0,0,0,0,0,0,0,0,0,0,0,0,0,0,0,0,1
Samford,106.5,119.4,0.211,54.4,57.7,19.1,18.7,24.7,34.8,30.8,28.5,53.3,58.3,37.2,38.0,71.9,-15.3,0.53125,0,0,0,1,0,0,0,0,0,0,0,0,0,0,0,0,0,0,0,0,0,0,0,1
Siena,96.1,107.8,0.209,48.2,50.9,21.7,15.6,31.4,29.0,36.4,42.1,44.7,50.1,36.7,34.9,67.3,-18.6,0.5151515151515151,0,0,0,1,0,0,0,0,0,0,0,0,0,0,0,0,0,0,0,0,0,0,0,1
Little Rock,93.4,105.0,0.2063,47.4,50.8,21.7,19.9,28.3,31.2,32.1,40.5,47.3,49.4,31.8,35.1,66.2,-18.0,0.3448275862068966,0,0,0,1,0,0,0,0,0,0,0,0,0,0,0,0,0,0,0,0,0,0,0,1
Bethune Cookman,98.6,110.9,0.2062,49.5,48.6,20.3,17.6,32.9,30.5,41.2,38.2,51.0,47.6,31.2,33.6,76.9,-11.4,0.4827586206896552,0,0,0,1,0,0,0,0,0,0,0,0,0,0,0,0,0,0,0,0,0,0,0,1
Binghamton,96.1,108.2,0.203,49.7,51.6,18.3,17.0,25.9,26.7,30.0,32.4,48.1,48.2,34.8,38.7,67.4,-16.0,0.3225806451612903,0,0,0,1,0,0,0,0,0,0,0,0,0,0,0,0,0,0,0,0,0,0,0,1
SIU Edwardsville,98.8,111.3,0.2029,47.8,54.1,19.4,17.5,29.3,29.4,33.0,45.9,47.2,53.5,32.4,36.8,70.5,-15.3,0.3448275862068966,0,0,0,1,0,0,0,0,0,0,0,0,0,0,0,0,0,0,0,0,0,0,0,1
Dartmouth,96.9,109.5,0.1968,51.4,54.4,20.0,18.1,23.9,27.2,32.8,25.6,49.7,55.5,36.0,35.1,67.9,-15.4,0.39285714285714285,0,0,0,1,0,0,0,0,0,0,0,0,0,0,0,0,0,0,0,0,0,0,0,1
East Carolina,96.2,108.7,0.1968,48.3,51.5,20.6,17.3,27.8,32.5,28.7,31.1,49.6,50.6,30.5,35.3,70.1,-13.5,0.3225806451612903,0,0,0,1,0,0,0,0,0,0,0,0,0,0,0,0,0,0,0,0,0,0,0,1
Youngstown St.,101.1,114.5,0.1931,47.6,58.7,19.4,19.4,34.7,29.9,28.4,39.8,46.5,57.4,33.2,40.8,72.4,-17.9,0.4,0,0,0,1,0,0,0,0,0,0,0,0,0,0,0,0,0,0,0,0,0,0,0,1
Central Connecticut,97.0,109.9,0.1926,51.0,51.2,21.8,16.6,31.1,28.3,32.6,30.1,51.8,48.9,32.9,36.4,65.9,-13.8,0.3793103448275862,0,0,0,1,0,0,0,0,0,0,0,0,0,0,0,0,0,0,0,0,0,0,0,1
Sacred Heart,95.6,108.4,0.1908,48.5,50.9,21.5,14.6,32.5,22.6,30.0,33.0,50.3,50.9,29.9,33.9,69.6,-16.9,0.4838709677419355,0,0,0,1,0,0,0,0,0,0,0,0,0,0,0,0,0,0,0,0,0,0,0,1
Chattanooga,98.3,111.5,0.19,50.1,55.3,20.6,19.2,26.6,27.8,34.6,27.9,48.6,55.8,34.8,36.2,66.7,-17.5,0.41379310344827586,0,0,0,1,0,0,0,0,0,0,0,0,0,0,0,0,0,0,0,0,0,0,0,1
Marist,98.5,111.8,0.1891,52.7,52.6,21.7,14.8,22.6,29.8,35.8,29.8,53.0,50.8,34.9,36.9,70.5,-20.2,0.3870967741935484,0,0,0,1,0,0,0,0,0,0,0,0,0,0,0,0,0,0,0,0,0,0,0,1
St. Francis NY,97.6,111.0,0.1851,48.7,53.2,17.7,20.9,26.2,31.9,30.4,45.1,46.4,54.1,34.6,34.1,70.3,-14.6,0.5483870967741935,0,0,0,1,0,0,0,0,0,0,0,0,0,0,0,0,0,0,0,0,0,0,0,1
The Citadel,100.8,114.7,0.1849,49.1,56.8,18.7,19.6,27.4,33.7,32.7,30.4,47.9,57.4,33.4,37.3,78.9,-14.9,0.4444444444444444,0,0,0,1,0,0,0,0,0,0,0,0,0,0,0,0,0,0,0,0,0,0,0,1
Kennesaw St.,98.3,111.9,0.1845,49.4,54.2,19.2,18.8,29.6,33.6,35.0,32.9,47.5,56.8,36.9,32.8,69.5,-14.5,0.16666666666666666,0,0,0,1,0,0,0,0,0,0,0,0,0,0,0,0,0,0,0,0,0,0,0,1
Stetson,97.8,111.3,0.1841,48.9,54.6,14.9,18.5,23.2,27.5,25.0,37.0,48.7,53.6,32.9,37.4,71.0,-16.1,0.2413793103448276,0,0,0,1,0,0,0,0,0,0,0,0,0,0,0,0,0,0,0,0,0,0,0,1
Western Carolina,95.0,108.1,0.1838,46.8,54.4,21.7,21.0,29.0,32.7,31.8,36.1,45.3,54.3,33.0,36.3,70.8,-11.7,0.22580645161290322,0,0,0,1,0,0,0,0,0,0,0,0,0,0,0,0,0,0,0,0,0,0,0,1
Grambling St.,93.2,106.4,0.1789,45.6,49.1,21.0,20.2,32.0,30.5,40.7,42.9,44.5,50.0,32.6,31.7,73.0,-10.0,0.5483870967741935,0,0,0,1,0,0,0,0,0,0,0,0,0,0,0,0,0,0,0,0,0,0,0,1
Norfolk St.,94.6,108.3,0.1732,49.4,50.0,21.1,20.2,31.6,29.8,31.3,43.1,46.1,47.3,37.0,35.7,70.0,-13.0,0.6666666666666666,0,0,0,1,0,0,0,0,0,0,0,0,0,0,0,0,0,0,0,0,0,0,0,1
Charlotte,98.7,113.0,0.1727,48.3,54.7,20.6,17.6,26.2,28.8,38.9,31.7,46.5,54.2,34.6,37.1,72.4,-16.9,0.27586206896551724,0,0,0,1,0,0,0,0,0,0,0,0,0,0,0,0,0,0,0,0,0,0,0,1
Savannah St.,99.7,114.3,0.1709,48.1,56.6,16.7,20.9,26.7,35.8,29.3,30.8,51.5,58.0,30.2,36.2,83.4,-9.6,0.36666666666666664,0,0,0,1,0,0,0,0,0,0,0,0,0,0,0,0,0,0,0,0,0,0,0,1
Detroit,101.6,116.7,0.1696,49.1,56.7,18.2,17.2,27.0,31.4,31.1,37.5,48.5,54.1,33.3,40.6,73.8,-18.0,0.3548387096774194,0,0,0,1,0,0,0,0,0,0,0,0,0,0,0,0,0,0,0,0,0,0,0,1
Loyola MD,95.7,110.0,0.167,47.8,54.4,18.9,18.7,29.1,26.4,33.3,40.4,48.1,54.0,31.3,36.8,69.7,-17.4,0.34375,0,0,0,1,0,0,0,0,0,0,0,0,0,0,0,0,0,0,0,0,0,0,0,1
American,96.5,111.1,0.1649,50.7,54.8,20.4,20.4,23.8,31.4,30.4,40.7,50.7,53.6,33.8,38.3,67.6,-19.0,0.5,0,0,0,1,0,0,0,0,0,0,0,0,0,0,0,0,0,0,0,0,0,0,0,1
Texas A&M Corpus Chris,93.7,107.9,0.1637,48.1,52.3,23.0,21.2,28.8,29.3,37.0,46.1,46.7,51.6,34.4,35.5,69.0,-14.0,0.5,0,0,0,1,0,0,0,0,0,0,0,0,0,0,0,0,0,0,0,0,0,0,0,1
Jacksonville,93.6,107.9,0.1636,49.0,51.9,19.2,17.8,25.9,29.7,30.0,28.4,48.8,53.3,33.0,33.0,69.7,-13.1,0.4,0,0,0,1,0,0,0,0,0,0,0,0,0,0,0,0,0,0,0,0,0,0,0,1
North Carolina A&T,96.8,111.9,0.1585,51.2,51.5,19.5,18.0,27.8,28.6,37.5,31.5,54.3,52.5,30.3,33.1,70.1,-10.3,0.6333333333333333,0,0,0,1,0,0,0,0,0,0,0,0,0,0,0,0,0,0,0,0,0,0,0,1
North Carolina Central,95.0,110.3,0.1522,50.4,48.5,20.8,16.8,32.9,29.7,30.3,34.3,51.3,48.1,32.3,32.8,66.4,-12.0,0.5806451612903226,0,0,0,0,0,0,1,0,0,0,0,0,0,0,0,0,0,0,0,0,0,0,1,0
Cal St. Northridge,97.3,113.2,0.1498,47.7,52.6,18.3,16.4,23.3,32.7,28.3,32.8,45.9,51.7,34.7,36.3,67.0,-19.3,0.3939393939393939,0,0,0,1,0,0,0,0,0,0,0,0,0,0,0,0,0,0,0,0,0,0,0,1
Houston Baptist,99.2,115.4,0.1491,46.0,56.1,18.8,18.8,34.0,31.2,35.5,38.6,44.4,54.2,32.8,39.7,74.6,-18.9,0.42857142857142855,0,0,0,1,0,0,0,0,0,0,0,0,0,0,0,0,0,0,0,0,0,0,0,1
Morgan St.,95.4,111.2,0.1467,45.6,51.9,18.7,20.5,33.5,30.7,39.3,41.7,44.8,51.9,32.0,34.6,70.0,-15.8,0.32142857142857145,0,0,0,1,0,0,0,0,0,0,0,0,0,0,0,0,0,0,0,0,0,0,0,1
Southern,93.5,109.4,0.1415,44.3,48.8,19.3,17.4,32.9,30.1,41.5,37.6,42.3,47.1,33.2,34.5,69.1,-13.3,0.22580645161290322,0,0,0,1,0,0,0,0,0,0,0,0,0,0,0,0,0,0,0,0,0,0,0,1
USC Upstate,105.1,123.0,0.1413,50.1,59.5,16.1,15.0,27.0,30.8,21.6,36.1,49.3,56.7,34.1,43.1,70.1,-19.5,0.1724137931034483,0,0,0,1,0,0,0,0,0,0,0,0,0,0,0,0,0,0,0,0,0,0,0,1
Maine,91.0,107.2,0.1328,46.0,51.4,21.8,18.1,25.5,30.7,29.2,36.7,47.1,51.3,29.6,34.4,72.2,-20.2,0.16129032258064516,0,0,0,1,0,0,0,0,0,0,0,0,0,0,0,0,0,0,0,0,0,0,0,1
Cal Poly,96.3,113.6,0.1296,46.6,53.2,17.4,16.3,24.7,29.6,26.7,34.6,41.5,49.8,35.8,40.1,67.4,-16.8,0.2222222222222222,0,0,0,1,0,0,0,0,0,0,0,0,0,0,0,0,0,0,0,0,0,0,0,1
Northern Arizona,92.2,108.9,0.1295,44.9,55.3,22.0,19.0,27.0,29.5,42.6,37.0,44.5,52.6,30.5,39.4,70.2,-19.2,0.3225806451612903,0,0,0,1,0,0,0,0,0,0,0,0,0,0,0,0,0,0,0,0,0,0,0,1
Arkansas Pine Bluff,92.7,110.2,0.1208,49.6,49.2,20.6,22.7,23.4,37.8,36.6,44.7,49.7,49.1,32.9,32.9,68.8,-16.3,0.41935483870967744,0,0,0,1,0,0,0,0,0,0,0,0,0,0,0,0,0,0,0,0,0,0,0,1
Presbyterian,96.5,115.3,0.1144,49.0,55.3,18.8,17.8,24.9,30.0,28.0,29.3,46.8,55.5,34.6,36.7,64.6,-16.2,0.6060606060606061,0,0,0,1,0,0,0,0,0,0,0,0,0,0,0,0,0,0,0,0,0,0,0,1
VMI,89.3,106.7,0.114,45.7,52.1,21.4,18.8,25.4,30.3,27.7,34.2,43.7,52.1,32.3,34.6,70.1,-15.8,0.3793103448275862,0,0,0,1,0,0,0,0,0,0,0,0,0,0,0,0,0,0,0,0,0,0,0,1
Incarnate Word,94.5,113.9,0.1047,47.6,52.5,23.2,17.7,26.9,35.4,41.1,33.8,45.4,50.6,34.6,37.6,70.6,-16.5,0.2222222222222222,0,0,0,1,0,0,0,0,0,0,0,0,0,0,0,0,0,0,0,0,0,0,0,1
Alcorn St.,94.4,114.4,0.0992,48.3,52.1,20.8,17.9,27.1,33.1,33.7,40.1,47.8,50.4,32.7,36.3,69.2,-16.4,0.37037037037037035,0,0,0,1,0,0,0,0,0,0,0,0,0,0,0,0,0,0,0,0,0,0,0,1
Jackson St.,89.2,108.2,0.0977,43.0,51.8,17.3,21.4,30.7,31.7,24.9,46.6,39.3,51.5,32.8,34.9,64.9,-16.0,0.43333333333333335,0,0,0,1,0,0,0,0,0,0,0,0,0,0,0,0,0,0,0,0,0,0,0,1
Howard,98.4,119.4,0.0976,48.8,53.4,18.0,18.8,28.9,34.9,34.5,38.3,46.7,53.7,34.9,35.3,71.4,-18.6,0.5483870967741935,0,0,0,1,0,0,0,0,0,0,0,0,0,0,0,0,0,0,0,0,0,0,0,1
Bryant,98.3,119.8,0.0936,47.9,57.6,18.2,17.9,26.2,34.1,27.8,33.0,45.5,55.4,34.4,40.5,71.3,-23.0,0.3333333333333333,0,0,0,1,0,0,0,0,0,0,0,0,0,0,0,0,0,0,0,0,0,0,0,1
Longwood,89.4,109.2,0.0911,46.3,52.4,23.0,17.6,22.7,30.5,35.3,34.2,45.8,53.2,31.5,34.1,70.3,-21.2,0.5161290322580645,0,0,0,1,0,0,0,0,0,0,0,0,0,0,0,0,0,0,0,0,0,0,0,1
Alabama St.,94.3,115.9,0.0858,46.5,51.9,19.9,18.3,31.9,34.7,35.2,46.6,45.2,49.4,32.8,37.7,70.2,-18.2,0.41379310344827586,0,0,0,1,0,0,0,0,0,0,0,0,0,0,0,0,0,0,0,0,0,0,0,1
South Carolina St.,96.1,119.2,0.0779,46.7,56.5,18.5,18.9,29.4,32.8,35.9,33.6,45.7,57.8,32.7,36.3,71.9,-17.3,0.25,0,0,0,1,0,0,0,0,0,0,0,0,0,0,0,0,0,0,0,0,0,0,0,1
Chicago St.,94.9,118.0,0.0756,44.6,59.1,20.9,18.2,25.5,34.6,31.6,41.2,43.6,57.9,31.4,40.6,73.4,-20.3,0.1,0,0,0,1,0,0,0,0,0,0,0,0,0,0,0,0,0,0,0,0,0,0,0,1
Northwestern St.,88.2,109.9,0.0743,44.3,54.1,24.7,19.1,32.4,34.5,33.2,40.1,44.9,53.1,28.3,37.2,70.5,-18.1,0.39285714285714285,0,0,0,1,0,0,0,0,0,0,0,0,0,0,0,0,0,0,0,0,0,0,0,1
Florida A&M,94.2,117.7,0.0723,47.2,53.6,19.5,18.7,27.5,36.5,32.1,36.2,44.8,54.4,35.1,34.8,68.4,-19.1,0.41379310344827586,0,0,0,1,0,0,0,0,0,0,0,0,0,0,0,0,0,0,0,0,0,0,0,1
Coppin St.,86.2,109.7,0.0585,43.3,49.2,20.5,17.9,22.3,31.9,27.1,37.6,41.0,48.3,30.5,33.7,68.7,-20.9,0.24242424242424243,0,0,0,1,0,0,0,0,0,0,0,0,0,0,0,0,0,0,0,0,0,0,0,1
Mississippi Valley St.,89.6,114.5,0.0564,42.6,54.9,19.1,19.6,30.4,31.1,29.1,39.2,41.6,54.6,30.1,36.8,69.9,-22.5,0.1935483870967742,0,0,0,1,0,0,0,0,0,0,0,0,0,0,0,0,0,0,0,0,0,0,0,1
Maryland Eastern Shore,90.1,117.5,0.045,43.1,54.7,19.4,16.0,28.2,34.7,29.7,31.8,44.3,54.3,27.5,36.8,66.4,-19.3,0.23333333333333334,0,0,0,1,0,0,0,0,0,0,0,0,0,0,0,0,0,0,0,0,0,0,0,1
Alabama A&M,87.6,115.0,0.0419,45.0,54.0,24.2,16.6,30.0,32.5,31.4,29.8,44.8,52.3,30.3,38.4,67.5,-23.0,0.15625,0,0,0,1,0,0,0,0,0,0,0,0,0,0,0,0,0,0,0,0,0,0,0,1
Delaware St.,90.3,119.2,0.0391,47.3,55.9,22.8,18.2,29.3,33.7,28.5,35.7,46.1,53.8,33.2,38.9,66.2,-24.1,0.20689655172413793,0,0,0,1,0,0,0,0,0,0,0,0,0,0,0,0,0,0,0,0,0,0,0,1
